BW	Gprot_pos	gfam	fraction_pair
ICL2.54	HN.52	Gs	0.2
4.38	HN.52	Gs	0.4666666666666667
ICL2.54	hns1.2	Gs	0.8
ICL2.54	hns1.3	Gs	0.7333333333333333
ICL2.55	hns1.3	Gs	0.8
ICL2.51	S1.2	Gs	0.6
ICL2.51	s2s3.1	Gs	0.6666666666666666
ICL2.52	s2s3.2	Gs	0.5333333333333333
ICL2.51	S3.1	Gs	0.8
ICL2.52	S3.1	Gs	0.6
ICL3	H4.1	Gs	0.26666666666666666
ICL3	H4.3	Gs	0.2
ICL3	H4.22	Gs	0.06666666666666667
ICL3	H4.23	Gs	0.13333333333333333
ICL3	H4.26	Gs	0.2
ICL3	H4.27	Gs	0.13333333333333333
ICL3	h4s6.3	Gs	0.26666666666666666
ICL3	h4s6.4	Gs	0.2
5.72	h4s6.20	Gs	0.4666666666666667
ICL2.51	H5.8	Gs	0.26666666666666666
ICL2.51	H5.11	Gs	0.4666666666666667
ICL2.5	H5.12	Gs	0.6666666666666666
ICL2.51	H5.12	Gs	0.6666666666666666
5.68	H5.13	Gs	0.5333333333333333
ICL2.5	H5.15	Gs	0.6666666666666666
ICL2.51	H5.15	Gs	0.6666666666666666
3.54	H5.16	Gs	0.8
ICL2.5	H5.16	Gs	0.6666666666666666
5.64	H5.16	Gs	0.4666666666666667
5.68	H5.16	Gs	0.6
5.68	H5.17	Gs	0.4
5.72	H5.17	Gs	0.13333333333333333
3.5	H5.19	Gs	0.4
3.53	H5.19	Gs	0.8
3.54	H5.19	Gs	0.8
ICL2.5	H5.19	Gs	0.6666666666666666
3.54	H5.20	Gs	0.8
5.61	H5.20	Gs	0.26666666666666666
5.64	H5.20	Gs	0.4
5.65	H5.20	Gs	0.5333333333333333
5.68	H5.20	Gs	0.4
8.47	H5.22	Gs	0.4
3.5	H5.23	Gs	0.7333333333333333
3.54	H5.23	Gs	0.3333333333333333
5.61	H5.23	Gs	0.4
6.36	H5.23	Gs	0.4666666666666667
6.32	H5.24	Gs	0.4666666666666667
6.33	H5.24	Gs	0.3333333333333333
6.36	H5.24	Gs	0.5333333333333333
7.56	H5.24	Gs	0.5333333333333333
5.61	H5.25	Gs	0.4666666666666667
5.62	H5.25	Gs	0.4
5.65	H5.25	Gs	0.4666666666666667
6.32	H5.25	Gs	0.4666666666666667
6.33	H5.25	Gs	0.6
6.36	H5.25	Gs	0.6
6.37	H5.25	Gs	0.5333333333333333
5.65	H5.26	Gs	0.4
5.68	H5.26	Gs	0.4
5.69	H5.26	Gs	0.4666666666666667
6.29	H5.26	Gs	0.5333333333333333
6.32	H5.26	Gs	0.5333333333333333
6.33	H5.26	Gs	0.5333333333333333
3.5	H5.5	Gs	0.06666666666666667
3.5	H5.9	Gs	0.26666666666666666
3.53	H5.5	Gs	0.2
3.54	H5.2	Gs	0.2
3.54	H5.5	Gs	0.13333333333333333
3.54	H5.6	Gs	0.3333333333333333
ICL2.5	s6h5.3	Gs	0.13333333333333333
ICL2.5	H5.1	Gs	0.13333333333333333
ICL2.5	H5.2	Gs	0.3333333333333333
ICL2.5	H5.5	Gs	0.3333333333333333
ICL2.51	hfs2.2	Gs	0.13333333333333333
ICL2.51	hfs2.4	Gs	0.13333333333333333
ICL2.51	S6.4	Gs	0.06666666666666667
ICL2.51	s6h5.2	Gs	0.06666666666666667
ICL2.51	s6h5.3	Gs	0.3333333333333333
ICL2.51	H5.1	Gs	0.3333333333333333
ICL2.52	hfs2.4	Gs	0.06666666666666667
ICL2.55	HN.52	Gs	0.6666666666666666
ICL2.55	hfs2.4	Gs	0.13333333333333333
ICL2.55	hfs2.5	Gs	0.06666666666666667
4.39	HN.48	Gs	0.13333333333333333
4.39	HN.52	Gs	0.13333333333333333
5.61	H5.6	Gs	0.06666666666666667
5.61	H5.9	Gs	0.06666666666666667
5.61	H5.11	Gs	0.13333333333333333
5.62	H5.11	Gs	0.06666666666666667
5.64	H5.2	Gs	0.13333333333333333
5.64	H5.6	Gs	0.2
5.65	H5.6	Gs	0.13333333333333333
5.65	H5.11	Gs	0.13333333333333333
5.65	H5.12	Gs	0.13333333333333333
5.68	s6h5.4	Gs	0.13333333333333333
5.68	H5.2	Gs	0.13333333333333333
5.68	H5.3	Gs	0.26666666666666666
5.68	H5.6	Gs	0.26666666666666666
5.68	H5.12	Gs	0.06666666666666667
5.69	H5.12	Gs	0.13333333333333333
5.72	H4.24	Gs	0.13333333333333333
ICL3	H4.12	Gs	0.06666666666666667
ICL3	H4.15	Gs	0.06666666666666667
ICL3	H4.16	Gs	0.13333333333333333
ICL3	H4.24	Gs	0.06666666666666667
ICL3	H4.25	Gs	0.06666666666666667
6.32	H5.10	Gs	0.06666666666666667
6.32	H5.11	Gs	0.06666666666666667
6.32	H5.12	Gs	0.06666666666666667
6.33	H5.10	Gs	0.2
6.33	H5.11	Gs	0.13333333333333333
6.33	H5.12	Gs	0.13333333333333333
6.36	H5.9	Gs	0.06666666666666667
6.36	H5.10	Gs	0.13333333333333333
6.36	H5.11	Gs	0.13333333333333333
6.37	H5.11	Gs	0.13333333333333333
7.56	H5.9	Gs	0.13333333333333333
7.56	H5.10	Gs	0.06666666666666667
8.47	H5.8	Gs	0.13333333333333333
3.53	H5.1	Gs	0.06666666666666667
ICL2.52	hfs2.3	Gs	0.06666666666666667
ICL2.53	H5.1	Gs	0.06666666666666667
4.39	HN.51	Gs	0.2
ICL3	HG.16	Gs	0.06666666666666667
ICL3	H4.9	Gs	0.06666666666666667
ICL3	H4.13	Gs	0.13333333333333333
ICL3	H4.19	Gs	0.06666666666666667
ICL3	h4s6.2	Gs	0.13333333333333333
5.65	H5.17	Gs	0.06666666666666667
7.56	H5.23	Gs	0.3333333333333333
3.55	H5.16	Gs	0.26666666666666666
3.5	s6h5.3	Gs	0.06666666666666667
3.5	H5.2	Gs	0.06666666666666667
3.53	S6.4	Gs	0.06666666666666667
3.53	s6h5.3	Gs	0.06666666666666667
3.54	S6.5	Gs	0.06666666666666667
3.54	s6h5.3	Gs	0.06666666666666667
3.54	s6h5.4	Gs	0.13333333333333333
ICL2.5	S6.1	Gs	0.06666666666666667
ICL2.5	S6.4	Gs	0.06666666666666667
ICL2.5	S6.5	Gs	0.06666666666666667
ICL2.51	HN.49	Gs	0.06666666666666667
ICL2.51	HN.51	Gs	0.13333333333333333
ICL2.51	HF.3	Gs	0.06666666666666667
ICL2.51	h4s6.11	Gs	0.06666666666666667
ICL2.51	h4s6.20	Gs	0.06666666666666667
ICL2.51	S6.1	Gs	0.06666666666666667
ICL2.52	HN.49	Gs	0.13333333333333333
ICL2.52	HF.2	Gs	0.06666666666666667
ICL2.52	HF.3	Gs	0.06666666666666667
ICL2.53	HN.49	Gs	0.06666666666666667
ICL2.54	HN.48	Gs	0.13333333333333333
ICL2.54	HN.49	Gs	0.13333333333333333
ICL2.55	HN.48	Gs	0.13333333333333333
ICL2.55	HN.49	Gs	0.13333333333333333
4.38	HN.45	Gs	0.06666666666666667
4.38	HN.48	Gs	0.2
5.61	s6h5.4	Gs	0.06666666666666667
5.61	H5.2	Gs	0.06666666666666667
5.61	H5.4	Gs	0.06666666666666667
5.62	H5.4	Gs	0.06666666666666667
5.64	S6.5	Gs	0.06666666666666667
5.64	s6h5.4	Gs	0.06666666666666667
5.65	s6h5.4	Gs	0.06666666666666667
5.65	H5.4	Gs	0.06666666666666667
5.65	H5.5	Gs	0.06666666666666667
5.68	S6.2	Gs	0.06666666666666667
5.68	S6.5	Gs	0.06666666666666667
5.68	s6h5.1	Gs	0.06666666666666667
5.68	H5.5	Gs	0.06666666666666667
5.69	H5.5	Gs	0.06666666666666667
5.72	H4.17	Gs	0.06666666666666667
ICL3	HG.9	Gs	0.06666666666666667
ICL3	H4.5	Gs	0.06666666666666667
ICL3	H4.8	Gs	0.06666666666666667
ICL3	HG.7	Gs	0.06666666666666667
ICL3	H4.2	Gs	0.06666666666666667
ICL3	H4.6	Gs	0.06666666666666667
ICL3	H4.10	Gs	0.06666666666666667
6.3	H5.5	Gs	0.06666666666666667
6.32	H5.3	Gs	0.06666666666666667
6.32	H5.4	Gs	0.06666666666666667
6.32	H5.5	Gs	0.06666666666666667
6.33	H5.3	Gs	0.13333333333333333
6.33	H5.4	Gs	0.06666666666666667
6.33	H5.5	Gs	0.06666666666666667
6.35	H5.3	Gs	0.06666666666666667
6.36	H5.2	Gs	0.06666666666666667
6.36	H5.3	Gs	0.06666666666666667
6.36	H5.4	Gs	0.06666666666666667
7.56	H5.3	Gs	0.06666666666666667
8.47	H5.1	Gs	0.06666666666666667
8.48	H5.1	Gs	0.06666666666666667
ICL2.55	hns1.2	Gs	0.6
5.75	H4.26	Gs	0.2
5.76	H4.26	Gs	0.2
5.76	h4s6.2	Gs	0.06666666666666667
5.76	h4s6.3	Gs	0.26666666666666666
5.76	h4s6.20	Gs	0.13333333333333333
5.76	S6.1	Gs	0.06666666666666667
5.75	S6.2	Gs	0.06666666666666667
5.75	S6.3	Gs	0.2
5.71	H5.13	Gs	0.3333333333333333
6.33	H5.20	Gs	0.4666666666666667
7.55	H5.24	Gs	0.13333333333333333
4.4	HN.48	Gs	0.13333333333333333
ICL2.53	H5.19	Gs	0.4
8.47	H5.24	Gs	0.6
3.5	H5.25	Gs	0.26666666666666666
4.38	HN.51	Gs	0.13333333333333333
8.48	H5.22	Gs	0.13333333333333333
7.55	H5.23	Gs	0.06666666666666667
ICL2.51	hns1.3	Gs	0.13333333333333333
5.74	H4.3	Gs	0.2
5.75	h4s6.20	Gs	0.13333333333333333
ICL2.56	hbhc.2	Gs	0.06666666666666667
5.75	S6.1	Gs	0.2
ICL2.53	H5.15	Gs	0.3333333333333333
ICL2.5	H5.18	Gs	0.2
3.54	H5.25	Gs	0.3333333333333333
2.37	H5.22	Gs	0.4
2.38	H5.22	Gs	0.26666666666666666
2.39	H5.22	Gs	0.5333333333333333
2.39	H5.23	Gs	0.4666666666666667
2.4	H5.22	Gs	0.2
3.53	H5.22	Gs	0.4
ICL2.54	H5.15	Gs	0.3333333333333333
4.38	hns1.2	Gs	0.26666666666666666
5.62	H5.16	Gs	0.06666666666666667
5.66	H5.13	Gs	0.06666666666666667
5.66	H5.16	Gs	0.06666666666666667
5.66	H5.17	Gs	0.06666666666666667
5.69	H5.13	Gs	0.06666666666666667
5.7	h4s6.20	Gs	0.06666666666666667
6.29	H5.20	Gs	0.26666666666666666
6.29	H5.24	Gs	0.13333333333333333
6.33	H5.23	Gs	0.2
8.47	H5.23	Gs	0.3333333333333333
8.47	H5.25	Gs	0.26666666666666666
8.48	H5.23	Gs	0.13333333333333333
8.48	H5.24	Gs	0.4666666666666667
8.49	H5.24	Gs	0.3333333333333333
8.49	H5.25	Gs	0.13333333333333333
6.3	H5.20	Gs	0.26666666666666666
8.48	H5.25	Gs	0.2
3.53	H5.20	Gs	0.13333333333333333
6.29	H5.17	Gs	0.06666666666666667
3.5	h2s4.2	Gs	0.06666666666666667
3.5	S4.1	Gs	0.06666666666666667
3.53	h2s4.2	Gs	0.06666666666666667
3.53	S4.1	Gs	0.06666666666666667
3.54	H2.9	Gs	0.06666666666666667
3.54	h2s4.2	Gs	0.06666666666666667
3.54	h2s4.3	Gs	0.06666666666666667
3.54	S4.1	Gs	0.06666666666666667
ICL2.5	H2.5	Gs	0.06666666666666667
ICL2.5	H2.8	Gs	0.06666666666666667
ICL2.5	H2.9	Gs	0.06666666666666667
ICL2.5	h2s4.2	Gs	0.06666666666666667
ICL2.51	h1ha.13	Gs	0.06666666666666667
ICL2.51	h1ha.15	Gs	0.06666666666666667
ICL2.51	H2.5	Gs	0.06666666666666667
ICL2.51	H2.8	Gs	0.06666666666666667
ICL2.53	h2s4.2	Gs	0.06666666666666667
ICL2.54	H2.8	Gs	0.06666666666666667
5.61	S4.3	Gs	0.06666666666666667
5.64	H2.9	Gs	0.06666666666666667
5.64	h2s4.3	Gs	0.06666666666666667
5.65	h2s4.3	Gs	0.06666666666666667
5.65	S4.3	Gs	0.06666666666666667
5.65	S4.4	Gs	0.06666666666666667
5.68	H2.6	Gs	0.06666666666666667
5.68	H2.9	Gs	0.06666666666666667
5.68	H2.10	Gs	0.06666666666666667
5.68	h2s4.3	Gs	0.06666666666666667
5.68	S4.4	Gs	0.06666666666666667
5.69	S4.4	Gs	0.06666666666666667
5.71	H2.6	Gs	0.06666666666666667
5.72	S2.4	Gs	0.06666666666666667
5.72	S4.4	Gs	0.06666666666666667
5.74	HE.2	Gs	0.06666666666666667
5.75	HF.5	Gs	0.06666666666666667
5.75	hfs2.3	Gs	0.06666666666666667
5.75	S2.4	Gs	0.06666666666666667
5.75	S2.5	Gs	0.06666666666666667
5.75	S2.7	Gs	0.06666666666666667
5.76	hfs2.3	Gs	0.06666666666666667
5.77	hdhe.5	Gs	0.06666666666666667
5.77	HE.2	Gs	0.06666666666666667
5.78	hdhe.5	Gs	0.06666666666666667
5.78	HE.2	Gs	0.06666666666666667
5.78	HE.3	Gs	0.06666666666666667
5.78	hehf.5	Gs	0.06666666666666667
5.78	HF.1	Gs	0.06666666666666667
5.78	HF.2	Gs	0.06666666666666667
5.78	HF.5	Gs	0.06666666666666667
5.79	HF.2	Gs	0.06666666666666667
5.79	HF.5	Gs	0.06666666666666667
5.79	HF.6	Gs	0.06666666666666667
5.79	hfs2.2	Gs	0.06666666666666667
5.79	hfs2.3	Gs	0.06666666666666667
5.79	hfs2.4	Gs	0.06666666666666667
5.8	hfs2.3	Gs	0.06666666666666667
5.81	hdhe.3	Gs	0.06666666666666667
5.81	hdhe.5	Gs	0.06666666666666667
5.81	HF.2	Gs	0.06666666666666667
5.82	HD.10	Gs	0.06666666666666667
5.82	hdhe.2	Gs	0.06666666666666667
5.82	hehf.6	Gs	0.06666666666666667
5.82	HF.2	Gs	0.06666666666666667
5.82	HF.3	Gs	0.06666666666666667
5.82	HF.5	Gs	0.06666666666666667
5.82	HF.6	Gs	0.06666666666666667
5.83	HF.6	Gs	0.06666666666666667
5.83	hfs2.4	Gs	0.06666666666666667
6.29	S4.4	Gs	0.06666666666666667
6.32	S4.2	Gs	0.06666666666666667
6.32	S4.3	Gs	0.06666666666666667
6.32	S4.4	Gs	0.06666666666666667
6.33	S4.3	Gs	0.06666666666666667
6.33	S4.4	Gs	0.06666666666666667
6.36	S4.1	Gs	0.06666666666666667
6.36	S4.2	Gs	0.06666666666666667
6.36	S4.3	Gs	0.06666666666666667
6.37	S4.3	Gs	0.06666666666666667
8.47	h2s4.5	Gs	0.06666666666666667
8.47	S4.2	Gs	0.06666666666666667
2.38	hns1.2	Gs	0.13333333333333333
ICL2.55	s2s3.2	Gs	0.2
ICL2.55	S3.1	Gs	0.26666666666666666
5.78	H4.1	Gs	0.13333333333333333
5.81	H4.1	Gs	0.06666666666666667
5.77	H4.3	Gs	0.13333333333333333
5.78	H4.3	Gs	0.13333333333333333
5.78	H4.4	Gs	0.06666666666666667
5.78	H4.19	Gs	0.06666666666666667
5.78	H4.22	Gs	0.06666666666666667
5.78	H4.23	Gs	0.13333333333333333
5.79	H4.23	Gs	0.13333333333333333
5.81	H4.23	Gs	0.06666666666666667
5.78	H4.26	Gs	0.13333333333333333
5.79	H4.26	Gs	0.13333333333333333
5.79	H4.27	Gs	0.13333333333333333
5.8	H4.27	Gs	0.2
5.75	h4s6.2	Gs	0.13333333333333333
5.79	h4s6.2	Gs	0.06666666666666667
5.75	h4s6.3	Gs	0.13333333333333333
5.79	h4s6.3	Gs	0.2
5.8	h4s6.3	Gs	0.2
3.53	H5.15	Gs	0.2
2.39	H5.19	Gs	0.13333333333333333
8.49	H5.22	Gs	0.2
3.53	H5.23	Gs	0.3333333333333333
5.72	H5.26	Gs	0.13333333333333333
5.77	H4.1	Gs	0.13333333333333333
5.79	h4s6.4	Gs	0.06666666666666667
5.81	hgh4.9	Gs	0.06666666666666667
5.82	hgh4.8	Gs	0.06666666666666667
5.82	H4.1	Gs	0.06666666666666667
5.82	H4.20	Gs	0.06666666666666667
5.82	H4.23	Gs	0.06666666666666667
5.82	H4.24	Gs	0.06666666666666667
5.82	H4.26	Gs	0.06666666666666667
5.82	H4.27	Gs	0.06666666666666667
5.83	H4.27	Gs	0.06666666666666667
ICL2.51	H2.4	Gs	0.06666666666666667
5.85	HD.10	Gs	0.06666666666666667
5.85	hdhe.1	Gs	0.06666666666666667
5.85	hdhe.2	Gs	0.06666666666666667
5.85	hdhe.3	Gs	0.06666666666666667
5.86	HD.10	Gs	0.06666666666666667
7.55	S4.2	Gs	0.06666666666666667
ICL2.5	h2s4.1	Gs	0.06666666666666667
5.75	hfs2.2	Gs	0.06666666666666667
ICL2.51	s2s3.2	Gs	0.06666666666666667
5.81	hgh4.8	Gs	0.06666666666666667
3.56	H5.12	Gs	0.06666666666666667
5.81	H4.2	Gs	0.06666666666666667
5.81	H4.3	Gs	0.06666666666666667
6.4	H5.23	Gs	0.06666666666666667
ICL2.5	H5.11	Gs	0.2
ICL1.52	HN.51	Gs	0.06666666666666667
ICL2.51	hfs2.3	Gs	0.06666666666666667
ICL2.55	hfs2.3	Gs	0.06666666666666667
5.82	HG.7	Gs	0.06666666666666667
5.84	HG.7	Gs	0.06666666666666667
5.85	HG.7	Gs	0.06666666666666667
5.85	HG.9	Gs	0.06666666666666667
5.84	HG.10	Gs	0.06666666666666667
5.85	HG.10	Gs	0.06666666666666667
5.82	HG.11	Gs	0.06666666666666667
5.84	HG.11	Gs	0.06666666666666667
5.81	HG.12	Gs	0.06666666666666667
5.84	HG.12	Gs	0.06666666666666667
5.78	HG.14	Gs	0.06666666666666667
5.81	HG.14	Gs	0.06666666666666667
5.74	HG.16	Gs	0.06666666666666667
5.77	HG.16	Gs	0.06666666666666667
5.78	HG.16	Gs	0.06666666666666667
5.78	H4.9	Gs	0.06666666666666667
5.79	H4.9	Gs	0.06666666666666667
5.81	H4.9	Gs	0.06666666666666667
5.82	H4.9	Gs	0.06666666666666667
5.82	H4.10	Gs	0.06666666666666667
5.75	H4.12	Gs	0.06666666666666667
5.78	H4.12	Gs	0.06666666666666667
5.79	H4.12	Gs	0.06666666666666667
5.82	H4.12	Gs	0.06666666666666667
5.79	H4.13	Gs	0.06666666666666667
5.82	H4.13	Gs	0.06666666666666667
5.75	H4.15	Gs	0.06666666666666667
5.79	H4.15	Gs	0.06666666666666667
5.75	H4.16	Gs	0.06666666666666667
5.76	H4.16	Gs	0.06666666666666667
5.79	H4.16	Gs	0.06666666666666667
5.8	H4.16	Gs	0.06666666666666667
5.75	H4.25	Gs	0.06666666666666667
5.75	H4.27	Gs	0.06666666666666667
ICL2.54	H5.1	Gs	0.06666666666666667
6.29	H5.12	Gs	0.06666666666666667
ICL2	H5.12	Gs	0.13333333333333333
ICL2	H5.15	Gs	0.13333333333333333
ICL2	H5.16	Gs	0.13333333333333333
ICL2	H5.19	Gs	0.13333333333333333
ICL2	s2s3.1	Gs	0.13333333333333333
ICL2	s2s3.2	Gs	0.06666666666666667
ICL2	S3.1	Gs	0.13333333333333333
ICL2	HN.52	Gs	0.13333333333333333
ICL2	hns1.2	Gs	0.13333333333333333
ICL2	hns1.3	Gs	0.13333333333333333
6.24	h4s6.3	Gs	0.06666666666666667
6.24	h4s6.9	Gs	0.06666666666666667
6.25	h4s6.9	Gs	0.06666666666666667
6.26	h4s6.9	Gs	0.13333333333333333
6.26	h4s6.11	Gs	0.2
6.3	H5.26	Gs	0.13333333333333333
6.23	h4s6.3	Gs	0.06666666666666667
6.25	h4s6.10	Gs	0.06666666666666667
6.25	h4s6.11	Gs	0.13333333333333333
6.29	h4s6.11	Gs	0.2
ICL2	S1.2	Gs	0.13333333333333333
6.25	h4s6.3	Gs	0.06666666666666667
ICL2	H5.11	Gs	0.13333333333333333
ICL2.52	s2s3.1	Gs	0.06666666666666667
6.23	h4s6.9	Gs	0.06666666666666667
6.23	h4s6.11	Gs	0.06666666666666667
6.23	h4s6.12	Gs	0.06666666666666667
6.23	h4s6.13	Gs	0.06666666666666667
6.23	h4s6.20	Gs	0.06666666666666667
6.26	H5.17	Gs	0.13333333333333333
6.26	H5.20	Gs	0.06666666666666667
8.49	H5.21	Gs	0.06666666666666667
6.29	H5.25	Gs	0.2
7.56	H5.25	Gs	0.26666666666666666
8.48	H5.26	Gs	0.13333333333333333
ICL2.55	HN.45	Gs	0.06666666666666667
ICL2.51	HF.1	Gs	0.06666666666666667
ICL2.52	HF.1	Gs	0.06666666666666667
ICL3	S5.5	Gs	0.06666666666666667
ICL3	S5.7	Gs	0.06666666666666667
ICL2.51	H4.23	Gs	0.06666666666666667
ICL2.51	H4.26	Gs	0.06666666666666667
ICL2.5	H4.27	Gs	0.06666666666666667
ICL2.51	H4.27	Gs	0.06666666666666667
ICL2.5	h4s6.3	Gs	0.06666666666666667
ICL2.51	h4s6.3	Gs	0.06666666666666667
ICL2.53	h4s6.3	Gs	0.06666666666666667
ICL2.54	h4s6.3	Gs	0.06666666666666667
3.53	h4s6.4	Gs	0.06666666666666667
3.54	h4s6.4	Gs	0.06666666666666667
ICL2.5	h4s6.4	Gs	0.06666666666666667
6.26	h4s6.8	Gs	0.06666666666666667
3.53	h4s6.10	Gs	0.06666666666666667
3.54	h4s6.10	Gs	0.06666666666666667
ICL2.5	h4s6.10	Gs	0.06666666666666667
ICL2.53	h4s6.10	Gs	0.06666666666666667
3.54	h4s6.11	Gs	0.06666666666666667
6.3	h4s6.11	Gs	0.06666666666666667
6.33	h4s6.11	Gs	0.06666666666666667
8.49	h4s6.12	Gs	0.06666666666666667
2.37	h4s6.13	Gs	0.06666666666666667
2.39	h4s6.13	Gs	0.06666666666666667
3.53	h4s6.13	Gs	0.06666666666666667
8.47	h4s6.13	Gs	0.06666666666666667
8.49	h4s6.13	Gs	0.06666666666666667
3.5	h4s6.20	Gs	0.06666666666666667
6.33	h4s6.20	Gs	0.06666666666666667
6.36	h4s6.20	Gs	0.06666666666666667
8.47	h4s6.20	Gs	0.06666666666666667
6.29	S6.1	Gs	0.06666666666666667
6.32	S6.1	Gs	0.06666666666666667
6.33	S6.1	Gs	0.06666666666666667
8.48	S6.1	Gs	0.06666666666666667
6.29	S6.2	Gs	0.06666666666666667
6.32	S6.2	Gs	0.06666666666666667
6.33	S6.2	Gs	0.06666666666666667
6.36	S6.2	Gs	0.06666666666666667
7.56	S6.2	Gs	0.06666666666666667
8.47	S6.2	Gs	0.06666666666666667
8.48	S6.2	Gs	0.06666666666666667
6.32	S6.3	Gs	0.06666666666666667
7.56	S6.3	Gs	0.06666666666666667
8.48	S6.3	Gs	0.06666666666666667
8.51	S6.3	Gs	0.06666666666666667
2.38	H5.23	Gs	0.13333333333333333
2.39	H5.24	Gs	0.13333333333333333
2.43	H5.24	Gs	0.13333333333333333
3.46	H5.23	Gs	0.06666666666666667
3.49	H5.23	Gs	0.13333333333333333
3.53	H5.16	Gs	0.26666666666666666
3.53	H5.25	Gs	0.06666666666666667
7.53	H5.24	Gs	0.13333333333333333
8.5	H5.24	Gs	0.13333333333333333
4.41	HN.48	Gs	0.06666666666666667
4.39	hns1.2	Gs	0.06666666666666667
ICL3	h4s6.1	Gs	0.06666666666666667
ICL2.51	H5.2	Gs	0.2
ICL3	H5.3	Gs	0.06666666666666667
ICL2.51	H5.5	Gs	0.2
ICL2.53	H5.5	Gs	0.2
ICL2.5	H5.6	Gs	0.2
ICL3	H5.7	Gs	0.06666666666666667
ICL2.5	H5.8	Gs	0.13333333333333333
3.53	H5.9	Gs	0.2
3.54	H5.9	Gs	0.2
ICL2.5	H5.9	Gs	0.2
ICL2.53	H5.9	Gs	0.2
3.54	H5.10	Gs	0.2
2.37	H5.12	Gs	0.06666666666666667
2.39	H5.12	Gs	0.13333333333333333
3.53	H5.12	Gs	0.13333333333333333
2.39	H5.13	Gs	0.06666666666666667
3.5	H5.13	Gs	0.2
3.53	H5.13	Gs	0.13333333333333333
3.54	H5.13	Gs	0.2
8.47	H5.13	Gs	0.2
6.36	H5.14	Gs	0.2
7.53	H5.14	Gs	0.06666666666666667
7.56	H5.14	Gs	0.13333333333333333
8.47	H5.14	Gs	0.2
3.5	H5.15	Gs	0.13333333333333333
3.54	H5.15	Gs	0.2
6.32	H5.15	Gs	0.13333333333333333
6.33	H5.15	Gs	0.2
6.36	H5.15	Gs	0.2
6.37	H5.15	Gs	0.2
6.32	H5.16	Gs	0.13333333333333333
6.33	H5.16	Gs	0.2
8.47	H5.16	Gs	0.06666666666666667
8.48	H5.16	Gs	0.06666666666666667
4.41	HN.51	Gs	0.06666666666666667
6.25	H4.20	Gs	0.06666666666666667
6.25	H4.25	Gs	0.06666666666666667
6.24	hgh4.3	Gs	0.06666666666666667
8.5	H5.14	Gs	0.06666666666666667
2.4	H5.24	Gs	0.06666666666666667
7.56	H5.26	Gs	0.13333333333333333
8.47	H5.26	Gs	0.13333333333333333
ICL2	HN.45	Gs	0.06666666666666667
ICL2	HN.48	Gs	0.06666666666666667
ICL2	HN.49	Gs	0.06666666666666667
ICL2	HN.51	Gs	0.06666666666666667
ICL2	S2.4	Gs	0.06666666666666667
6.26	H4.18	Gs	0.06666666666666667
ICL2	S6.1	Gs	0.06666666666666667
ICL2	S6.4	Gs	0.06666666666666667
ICL2	S6.5	Gs	0.06666666666666667
ICL2	s6h5.1	Gs	0.06666666666666667
ICL2	s6h5.3	Gs	0.06666666666666667
3.53	s6h5.4	Gs	0.06666666666666667
ICL2	s6h5.4	Gs	0.06666666666666667
6.26	s6h5.5	Gs	0.06666666666666667
3.53	H5.2	Gs	0.06666666666666667
ICL2	H5.2	Gs	0.06666666666666667
3.53	H5.3	Gs	0.06666666666666667
3.54	H5.3	Gs	0.06666666666666667
6.29	H5.3	Gs	0.06666666666666667
6.3	H5.3	Gs	0.06666666666666667
2.37	H5.5	Gs	0.06666666666666667
2.39	H5.5	Gs	0.06666666666666667
2.39	H5.6	Gs	0.06666666666666667
3.49	H5.6	Gs	0.06666666666666667
3.5	H5.6	Gs	0.06666666666666667
3.53	H5.6	Gs	0.06666666666666667
ICL1.5	H5.7	Gs	0.06666666666666667
2.39	H5.7	Gs	0.06666666666666667
2.4	H5.7	Gs	0.06666666666666667
2.43	H5.7	Gs	0.06666666666666667
7.53	H5.7	Gs	0.06666666666666667
7.56	H5.7	Gs	0.06666666666666667
8.47	H5.7	Gs	0.06666666666666667
8.49	H5.7	Gs	0.06666666666666667
8.5	H5.7	Gs	0.06666666666666667
3.5	H5.8	Gs	0.06666666666666667
3.54	H5.8	Gs	0.06666666666666667
6.33	H5.8	Gs	0.06666666666666667
6.36	H5.8	Gs	0.06666666666666667
7.56	H5.8	Gs	0.06666666666666667
6.29	H5.9	Gs	0.06666666666666667
6.3	H5.9	Gs	0.06666666666666667
6.32	H5.9	Gs	0.06666666666666667
6.33	H5.9	Gs	0.06666666666666667
8.47	H5.9	Gs	0.06666666666666667
8.48	H5.9	Gs	0.06666666666666667
ICL2	H5.18	Gs	0.06666666666666667
6.26	H5.26	Gs	0.06666666666666667
ICL2.52	hns1.3	Gs	0.2
ICL3	H4.17	Gs	0.06666666666666667
5.75	H4.20	Gs	0.06666666666666667
5.76	H4.20	Gs	0.06666666666666667
ICL3	H4.20	Gs	0.06666666666666667
ICL3	H4.21	Gs	0.06666666666666667
5.72	H4.25	Gs	0.13333333333333333
5.76	H4.25	Gs	0.06666666666666667
5.72	h4s6.1	Gs	0.13333333333333333
5.75	h4s6.1	Gs	0.06666666666666667
3.55	H5.6	Gs	0.06666666666666667
5.68	H5.7	Gs	0.13333333333333333
5.72	H5.7	Gs	0.13333333333333333
5.64	H5.10	Gs	0.13333333333333333
5.65	H5.10	Gs	0.13333333333333333
5.68	H5.10	Gs	0.13333333333333333
8.47	H5.12	Gs	0.13333333333333333
6.36	H5.13	Gs	0.13333333333333333
6.32	H5.14	Gs	0.06666666666666667
7.55	H5.14	Gs	0.06666666666666667
5.61	H5.15	Gs	0.13333333333333333
5.65	H5.15	Gs	0.13333333333333333
5.65	H5.16	Gs	0.2
5.69	H5.16	Gs	0.2
5.72	H5.16	Gs	0.13333333333333333
ICL3	hgh4.1	Gs	0.06666666666666667
ICL3	hgh4.3	Gs	0.06666666666666667
5.76	H4.23	Gs	0.06666666666666667
5.74	hgh4.3	Gs	0.06666666666666667
3.45	HN.52	Gs	0.06666666666666667
3.44	hns1.2	Gs	0.06666666666666667
3.45	hns1.2	Gs	0.06666666666666667
3.44	hns1.3	Gs	0.06666666666666667
3.45	hns1.3	Gs	0.06666666666666667
3.41	S1.2	Gs	0.06666666666666667
3.41	hfs2.4	Gs	0.06666666666666667
5.55	H4.24	Gs	0.06666666666666667
3.4	s6h5.3	Gs	0.06666666666666667
3.41	s6h5.3	Gs	0.06666666666666667
5.51	s6h5.4	Gs	0.06666666666666667
5.54	s6h5.4	Gs	0.06666666666666667
3.4	H5.1	Gs	0.06666666666666667
3.41	H5.1	Gs	0.06666666666666667
3.37	H5.2	Gs	0.06666666666666667
3.4	H5.2	Gs	0.06666666666666667
5.47	H5.2	Gs	0.06666666666666667
5.51	H5.2	Gs	0.06666666666666667
5.51	H5.3	Gs	0.06666666666666667
5.55	H5.3	Gs	0.06666666666666667
3.33	H5.5	Gs	0.06666666666666667
3.36	H5.5	Gs	0.06666666666666667
3.37	H5.5	Gs	0.06666666666666667
3.4	H5.5	Gs	0.06666666666666667
3.37	H5.6	Gs	0.06666666666666667
5.47	H5.6	Gs	0.06666666666666667
5.48	H5.6	Gs	0.06666666666666667
5.51	H5.6	Gs	0.06666666666666667
3.33	H5.9	Gs	0.06666666666666667
5.45	H5.9	Gs	0.06666666666666667
ICL3	H5.9	Gs	0.06666666666666667
ICL3	H5.10	Gs	0.06666666666666667
6.56	H5.10	Gs	0.06666666666666667
6.57	H5.10	Gs	0.06666666666666667
5.45	H5.11	Gs	0.06666666666666667
5.48	H5.11	Gs	0.06666666666666667
ICL3	H5.11	Gs	0.06666666666666667
5.48	H5.12	Gs	0.06666666666666667
5.51	H5.12	Gs	0.06666666666666667
5.52	H5.12	Gs	0.06666666666666667
5.55	H5.12	Gs	0.06666666666666667
ICL3	H5.12	Gs	0.06666666666666667
5.61	H5.10	Gs	0.06666666666666667
5.71	H5.3	Gs	0.06666666666666667
6.29	H5.16	Gs	0.06666666666666667
7.56	H5.13	Gs	0.06666666666666667
8.48	H5.12	Gs	0.06666666666666667
8.48	H5.14	Gs	0.06666666666666667
8.49	H5.12	Gs	0.06666666666666667
ICL3	h4s6.20	Gs	0.06666666666666667
ICL3	S6.1	Gs	0.06666666666666667
ICL3	S6.3	Gs	0.06666666666666667
5.58	H5.25	Gs	0.06666666666666667
ICL3	S6.2	Gs	0.06666666666666667
7.56	H5.22	Gs	0.06666666666666667
ICL2.53	HN.52	Gs	0.06666666666666667
ICL2.53	hns1.2	Gs	0.06666666666666667
ICL2.53	hns1.3	Gs	0.06666666666666667
ICL2.56	HN.52	Gs	0.06666666666666667
ICL2.57	HN.48	Gs	0.06666666666666667
ICL2.57	HN.51	Gs	0.06666666666666667
ICL2.57	HN.52	Gs	0.06666666666666667
6.28	H5.26	Gs	0.06666666666666667
2.37	H5.23	Gs	0.06666666666666667
ICL2.54	S1.1	Gs	0.06666666666666667
ICL2.54	S1.2	Gs	0.13333333333333333
ICL2.54	S3.1	Gs	0.06666666666666667
ICL2.55	s2s3.1	Gs	0.06666666666666667
5.73	h4s6.20	Gs	0.06666666666666667
5.73	S6.1	Gs	0.06666666666666667
5.73	S6.2	Gs	0.06666666666666667
5.73	H5.13	Gs	0.06666666666666667
5.74	H4.26	Gs	0.06666666666666667
5.74	S6.2	Gs	0.06666666666666667
5.74	S6.3	Gs	0.06666666666666667
1.64	HN.48	Gs	0.06666666666666667
1.64	HN.51	Gs	0.06666666666666667
1.64	HN.52	Gs	0.06666666666666667
1.64	hns1.2	Gs	0.06666666666666667
ICL1	HN.52	Gs	0.06666666666666667
ICL1	hns1.2	Gs	0.06666666666666667
ICL1	hns1.3	Gs	0.06666666666666667
2.37	hns1.2	Gs	0.06666666666666667
2.37	hns1.3	Gs	0.06666666666666667
2.38	h2s4.3	Gs	0.06666666666666667
2.38	H5.15	Gs	0.06666666666666667
2.39	H5.18	Gs	0.06666666666666667
2.43	H5.23	Gs	0.06666666666666667
3.49	H5.19	Gs	0.06666666666666667
3.5	H5.26	Gs	0.06666666666666667
3.54	H5.12	Gs	0.06666666666666667
3.54	H5.26	Gs	0.06666666666666667
5.54	H5.26	Gs	0.06666666666666667
5.57	H5.26	Gs	0.06666666666666667
5.58	H5.26	Gs	0.06666666666666667
5.61	H5.16	Gs	0.06666666666666667
5.61	H5.26	Gs	0.06666666666666667
5.64	H5.13	Gs	0.06666666666666667
5.67	H5.9	Gs	0.06666666666666667
5.67	H5.10	Gs	0.06666666666666667
5.67	H5.13	Gs	0.06666666666666667
5.68	H4.3	Gs	0.06666666666666667
6.29	h4s6.3	Gs	0.06666666666666667
6.29	h4s6.12	Gs	0.06666666666666667
6.29	h4s6.20	Gs	0.06666666666666667
6.37	H5.26	Gs	0.06666666666666667
6.39	H5.25	Gs	0.06666666666666667
6.4	H5.25	Gs	0.06666666666666667
6.4	H5.26	Gs	0.06666666666666667
7.52	H5.25	Gs	0.06666666666666667
7.53	H5.23	Gs	0.06666666666666667
7.53	H5.25	Gs	0.06666666666666667
7.55	H5.25	Gs	0.06666666666666667
8.47	H5.21	Gs	0.06666666666666667
8.49	H5.23	Gs	0.06666666666666667
3.55	H5.12	Gs	0.06666666666666667
3.55	H5.13	Gs	0.06666666666666667
ICL2.5	S3.1	Gs	0.06666666666666667
5.6	H5.16	Gs	0.06666666666666667
6.25	H5.21	Gs	0.06666666666666667
6.25	H5.24	Gs	0.06666666666666667
6.25	H5.25	Gs	0.06666666666666667
6.26	H5.25	Gs	0.06666666666666667
6.27	h4s6.11	Gs	0.06666666666666667
6.27	h4s6.12	Gs	0.06666666666666667
6.3	H5.25	Gs	0.06666666666666667
6.36	H5.26	Gs	0.06666666666666667
7.53	H5.26	Gs	0.06666666666666667
ICL2.5	H5.13	Gs	0.13333333333333333
ICL2.5	H5.14	Gs	0.06666666666666667
5.66	H5.20	Gs	0.06666666666666667
5.66	H5.25	Gs	0.06666666666666667
5.66	H5.26	Gs	0.06666666666666667
5.69	H5.17	Gs	0.06666666666666667
5.69	H5.20	Gs	0.06666666666666667
5.7	H5.26	Gs	0.06666666666666667
5.73	h4s6.11	Gs	0.06666666666666667
5.73	H5.26	Gs	0.06666666666666667
5.77	h4s6.3	Gs	0.06666666666666667
5.79	H4.1	Gs	0.06666666666666667
5.8	H4.26	Gs	0.06666666666666667
5.8	h4s6.4	Gs	0.06666666666666667
ICL3	h4s6.10	Gs	0.06666666666666667
6.37	H5.23	Gs	0.06666666666666667
6.37	H5.24	Gs	0.06666666666666667
6.38	H5.25	Gs	0.06666666666666667
1.56	H5.25	Gs	0.06666666666666667
ICL1	H5.24	Gs	0.06666666666666667
ICL1	H5.25	Gs	0.06666666666666667
ICL1	H5.22	Gs	0.06666666666666667
2.4	H5.25	Gs	0.06666666666666667
2.43	H5.25	Gs	0.06666666666666667
5.72	S6.2	Gs	0.06666666666666667
5.72	H5.13	Gs	0.06666666666666667
6.24	h4s6.20	Gs	0.06666666666666667
6.26	h4s6.3	Gs	0.06666666666666667
6.3	H5.17	Gs	0.06666666666666667
7.54	H5.25	Gs	0.06666666666666667
ICL2.54	hns1.2	Gq11	0.25
4.38	hns1.2	Gq11	0.75
ICL2.54	hns1.3	Gq11	0.5
ICL2.55	hns1.3	Gq11	0.75
ICL2.51	S1.2	Gq11	0.5
ICL2.52	s2s3.2	Gq11	0.5
ICL2.51	S3.1	Gq11	0.75
ICL2.52	S3.1	Gq11	0.5
ICL3	H4.26	Gq11	0.25
ICL3	h4s6.8	Gq11	0.25
6.23	h4s6.11	Gq11	0.25
6.25	h4s6.11	Gq11	0.25
6.23	h4s6.12	Gq11	0.25
6.25	h4s6.12	Gq11	0.5
6.26	h4s6.12	Gq11	0.25
ICL3	h4s6.20	Gq11	0.5
6.26	h4s6.20	Gq11	0.25
ICL3	S6.1	Gq11	0.5
ICL3	S6.2	Gq11	0.5
ICL3	S6.3	Gq11	0.5
ICL3	S6.4	Gq11	0.5
ICL3	H5.5	Gq11	0.25
ICL3	H5.6	Gq11	0.25
ICL3	H5.9	Gq11	0.25
ICL3	H5.10	Gq11	0.25
ICL2.51	H5.11	Gq11	0.5
ICL2.5	H5.12	Gq11	0.75
ICL2.51	H5.12	Gq11	0.5
ICL3	H5.13	Gq11	0.25
ICL2.5	H5.15	Gq11	0.75
ICL2.51	H5.15	Gq11	0.75
ICL2.54	H5.15	Gq11	0.5
3.53	H5.16	Gq11	0.25
3.54	H5.16	Gq11	0.75
ICL2.5	H5.16	Gq11	0.5
3.5	H5.19	Gq11	0.75
3.52	H5.19	Gq11	0.25
3.53	H5.19	Gq11	1.0
3.54	H5.19	Gq11	1.0
ICL2.5	H5.19	Gq11	0.5
ICL2.53	H5.19	Gq11	0.25
3.53	H5.20	Gq11	0.25
3.54	H5.20	Gq11	0.75
6.29	H5.20	Gq11	0.75
6.33	H5.20	Gq11	1.0
8.49	H5.21	Gq11	0.25
2.37	H5.22	Gq11	0.25
2.38	H5.22	Gq11	0.25
2.39	H5.22	Gq11	0.5
3.53	H5.22	Gq11	0.25
2.37	H5.23	Gq11	0.25
2.39	H5.23	Gq11	0.25
3.46	H5.23	Gq11	0.25
3.49	H5.23	Gq11	0.25
3.5	H5.23	Gq11	0.75
3.53	H5.23	Gq11	0.5
3.54	H5.23	Gq11	0.5
2.39	H5.24	Gq11	0.25
2.43	H5.24	Gq11	0.25
7.53	H5.24	Gq11	0.25
7.54	H5.24	Gq11	0.25
7.56	H5.24	Gq11	0.75
8.47	H5.24	Gq11	0.75
8.49	H5.24	Gq11	0.5
8.5	H5.24	Gq11	0.25
3.5	H5.25	Gq11	0.25
3.54	H5.25	Gq11	0.25
6.33	H5.25	Gq11	0.75
6.36	H5.25	Gq11	0.75
6.29	H5.26	Gq11	0.5
6.32	H5.26	Gq11	0.75
6.33	H5.26	Gq11	0.75
6.36	H5.26	Gq11	0.25
8.47	H5.26	Gq11	0.25
8.48	H5.26	Gq11	0.25
4.38	HN.46	Gq11	0.5
4.39	HN.46	Gq11	0.25
4.4	HN.46	Gq11	0.25
ICL2.51	s2s3.1	Gq11	0.25
ICL2.52	s2s3.1	Gq11	0.25
ICL2.55	S3.1	Gq11	0.25
Cterm	H3.16	Gq11	0.25
ICL3	H4.7	Gq11	0.25
ICL3	H4.22	Gq11	0.25
5.72	h4s6.20	Gq11	0.25
5.75	h4s6.20	Gq11	0.25
5.75	S6.2	Gq11	0.25
5.75	S6.3	Gq11	0.25
ICL3	S6.5	Gq11	0.25
5.75	H5.6	Gq11	0.25
5.75	H5.9	Gq11	0.25
5.75	H5.10	Gq11	0.25
5.68	H5.13	Gq11	0.25
5.71	H5.13	Gq11	0.25
5.72	H5.13	Gq11	0.25
5.75	H5.13	Gq11	0.25
5.68	H5.16	Gq11	0.25
5.65	H5.20	Gq11	0.5
5.68	H5.20	Gq11	0.25
8.48	H5.21	Gq11	0.25
7.56	H5.22	Gq11	0.25
8.47	H5.22	Gq11	0.5
6.36	H5.23	Gq11	0.5
7.56	H5.23	Gq11	0.5
8.47	H5.23	Gq11	0.5
6.32	H5.24	Gq11	0.5
6.36	H5.24	Gq11	0.5
8.48	H5.24	Gq11	0.25
5.61	H5.25	Gq11	0.25
5.62	H5.25	Gq11	0.25
5.65	H5.25	Gq11	0.5
6.32	H5.25	Gq11	0.5
6.37	H5.25	Gq11	0.5
7.56	H5.25	Gq11	0.25
5.65	H5.26	Gq11	0.25
ICL2.5	s2s3.1	Gq11	0.25
ICL2.5	S3.1	Gq11	0.25
ICL2.5	H5.8	Gq11	0.25
ICL2.5	H5.11	Gq11	0.25
ICL2.51	hns1.3	Gq11	0.25
ICL2.53	hns1.3	Gq11	0.25
ICL2.53	s2s3.2	Gq11	0.25
ICL2.53	S3.1	Gq11	0.25
ICL2.54	s2s3.2	Gq11	0.25
ICL2.55	HN.46	Gq11	0.5
ICL2.55	hns1.2	Gq11	0.25
5.64	H5.16	Gq11	0.25
5.67	H5.13	Gq11	0.25
5.69	h4s6.20	Gq11	0.25
5.69	H5.13	Gq11	0.25
6.25	H5.26	Gq11	0.25
6.29	H5.25	Gq11	0.25
ICL2.54	HN.46	Gq11	0.25
ICL2.56	HN.46	Gq11	0.25
ICL2.55	HN.47	Gq11	0.25
ICL2.54	HN.49	Gq11	0.25
ICL2.55	HN.49	Gq11	0.25
ICL2.51	HN.50	Gq11	0.25
ICL2.54	HN.50	Gq11	0.25
ICL2.55	HN.50	Gq11	0.25
ICL2.51	S2.5	Gq11	0.25
ICL2.5	H5.6	Gq11	0.25
ICL2.51	H5.6	Gq11	0.25
5.68	H5.7	Gq11	0.25
5.69	H5.7	Gq11	0.25
ICL2.5	H5.9	Gq11	0.25
ICL2.51	H5.9	Gq11	0.25
ICL2.54	H5.9	Gq11	0.25
3.54	H5.10	Gq11	0.25
ICL2.5	H5.10	Gq11	0.25
5.64	H5.10	Gq11	0.25
5.65	H5.10	Gq11	0.25
5.68	H5.10	Gq11	0.25
3.5	H5.13	Gq11	0.25
3.53	H5.13	Gq11	0.25
3.54	H5.13	Gq11	0.25
ICL2.5	H5.13	Gq11	0.25
ICL2.53	H5.13	Gq11	0.25
3.54	H5.14	Gq11	0.25
6.33	H5.14	Gq11	0.25
8.49	H5.15	Gq11	0.25
2.37	H5.16	Gq11	0.25
2.39	H5.16	Gq11	0.25
2.37	H5.17	Gq11	0.25
2.38	H5.17	Gq11	0.25
2.39	H5.17	Gq11	0.25
3.49	H5.17	Gq11	0.25
3.5	H5.17	Gq11	0.25
3.53	H5.17	Gq11	0.25
2.39	H5.18	Gq11	0.25
7.53	H5.18	Gq11	0.25
7.54	H5.18	Gq11	0.25
8.47	H5.18	Gq11	0.25
8.49	H5.18	Gq11	0.25
8.5	H5.18	Gq11	0.25
5.61	H5.19	Gq11	0.25
6.33	H5.19	Gq11	0.25
8.47	H5.20	Gq11	0.25
8.48	H5.20	Gq11	0.25
8.49	H5.20	Gq11	0.25
4.38	HN.52	Gio	0.46511627906976744
4.39	HN.52	Gio	0.20930232558139536
ICL2.54	hns1.3	Gio	0.7209302325581395
ICL2.55	hns1.3	Gio	0.6744186046511628
ICL2.57	hns1.3	Gio	0.046511627906976744
4.38	hns1.3	Gio	0.11627906976744186
ICL2.55	S1.1	Gio	0.046511627906976744
ICL2.51	S1.2	Gio	0.06976744186046512
ICL2.54	S1.2	Gio	0.13953488372093023
ICL2.51	s2s3.1	Gio	0.46511627906976744
ICL2.52	s2s3.1	Gio	0.023255813953488372
ICL2.52	s2s3.2	Gio	0.3488372093023256
ICL2.51	S3.1	Gio	0.7441860465116279
ICL2.52	S3.1	Gio	0.023255813953488372
ICL2.55	S3.1	Gio	0.16279069767441862
ICL3	h4s6.8	Gio	0.09302325581395349
6.25	h4s6.8	Gio	0.13953488372093023
6.25	h4s6.9	Gio	0.3488372093023256
ICL2.51	H5.8	Gio	0.023255813953488372
ICL2.51	H5.11	Gio	0.06976744186046512
ICL2.5	H5.12	Gio	0.813953488372093
ICL2.51	H5.12	Gio	0.6744186046511628
5.68	H5.13	Gio	0.7441860465116279
ICL2.5	H5.15	Gio	0.8372093023255814
ICL2.51	H5.15	Gio	0.7674418604651163
ICL2.54	H5.15	Gio	0.4883720930232558
3.54	H5.16	Gio	0.9767441860465116
ICL2.5	H5.16	Gio	0.7674418604651163
5.64	H5.16	Gio	0.4186046511627907
5.68	H5.16	Gio	0.8372093023255814
5.68	H5.17	Gio	0.3023255813953488
3.5	H5.19	Gio	0.23255813953488372
3.53	H5.19	Gio	1.0
3.54	H5.19	Gio	1.0
ICL2.5	H5.19	Gio	0.813953488372093
3.54	H5.20	Gio	1.0
5.65	H5.20	Gio	0.5581395348837209
5.68	H5.20	Gio	0.13953488372093023
6.33	H5.20	Gio	0.8372093023255814
8.48	H5.21	Gio	0.6744186046511628
2.37	H5.22	Gio	0.8372093023255814
2.39	H5.22	Gio	0.8837209302325582
3.53	H5.22	Gio	0.7906976744186046
8.47	H5.22	Gio	0.2558139534883721
3.5	H5.23	Gio	1.0
3.53	H5.23	Gio	1.0
5.61	H5.23	Gio	0.18604651162790697
6.36	H5.23	Gio	0.09302325581395349
7.56	H5.23	Gio	0.13953488372093023
8.47	H5.23	Gio	0.2558139534883721
6.33	H5.24	Gio	0.16279069767441862
6.36	H5.24	Gio	0.4883720930232558
7.56	H5.24	Gio	0.7674418604651163
8.47	H5.24	Gio	0.9534883720930233
5.61	H5.25	Gio	0.6046511627906976
5.65	H5.25	Gio	0.3953488372093023
6.32	H5.25	Gio	0.46511627906976744
6.33	H5.25	Gio	0.9302325581395349
6.36	H5.25	Gio	0.9767441860465116
6.37	H5.25	Gio	0.8604651162790697
6.29	H5.26	Gio	0.7674418604651163
6.33	H5.26	Gio	0.9534883720930233
ICL2.58	HN.52	Gio	0.046511627906976744
ICL2	HN.52	Gio	0.06976744186046512
ICL2.54	hns1.2	Gio	0.5116279069767442
ICL2.55	hns1.2	Gio	0.16279069767441862
ICL2.57	hns1.2	Gio	0.06976744186046512
ICL2.58	hns1.2	Gio	0.023255813953488372
ICL2.51	hns1.3	Gio	0.32558139534883723
ICL2.52	hns1.3	Gio	0.16279069767441862
6.27	h4s6.9	Gio	0.046511627906976744
6.28	h4s6.9	Gio	0.18604651162790697
6.29	h4s6.9	Gio	0.23255813953488372
5.72	H5.13	Gio	0.27906976744186046
ICL2.54	H5.18	Gio	0.06976744186046512
ICL2.53	H5.19	Gio	0.46511627906976744
ICL2.54	H5.19	Gio	0.16279069767441862
3.53	H5.20	Gio	0.37209302325581395
ICL2.53	H5.22	Gio	0.09302325581395349
ICL2.55	H5.22	Gio	0.023255813953488372
ICL2.56	H5.22	Gio	0.023255813953488372
2.39	H5.23	Gio	0.813953488372093
3.49	H5.23	Gio	0.6976744186046512
3.5	H5.25	Gio	0.8604651162790697
6.3	H5.26	Gio	0.11627906976744186
6.32	H5.26	Gio	0.7441860465116279
ICL2.55	H5.18	Gio	0.023255813953488372
ICL2.56	H5.19	Gio	0.023255813953488372
4.4	HN.52	Gio	0.13953488372093023
4.38	hns1.2	Gio	0.11627906976744186
ICL2.51	s2s3.2	Gio	0.5813953488372093
ICL2.54	S3.1	Gio	0.23255813953488372
5.69	H5.13	Gio	0.20930232558139536
ICL2.53	H5.15	Gio	0.20930232558139536
5.69	H5.16	Gio	0.13953488372093023
5.69	H5.17	Gio	0.023255813953488372
6.3	H5.20	Gio	0.06976744186046512
2.38	H5.22	Gio	0.20930232558139536
2.37	H5.23	Gio	0.13953488372093023
3.54	H5.23	Gio	0.7441860465116279
2.39	H5.24	Gio	0.6511627906976745
7.53	H5.24	Gio	0.32558139534883723
8.49	H5.24	Gio	0.5813953488372093
3.54	H5.25	Gio	0.46511627906976744
6.3	H5.25	Gio	0.046511627906976744
ICL2.52	hns1.2	Gio	0.11627906976744186
ICL2.53	hns1.2	Gio	0.11627906976744186
ICL2.52	S1.1	Gio	0.09302325581395349
ICL2.52	S1.2	Gio	0.09302325581395349
ICL2.52	h2s4.5	Gio	0.09302325581395349
ICL3	S6.2	Gio	0.2558139534883721
ICL3	S6.3	Gio	0.18604651162790697
ICL3	S6.4	Gio	0.13953488372093023
5.73	H5.5	Gio	0.023255813953488372
5.73	H5.6	Gio	0.023255813953488372
5.71	H5.9	Gio	0.3023255813953488
5.72	H5.9	Gio	0.23255813953488372
5.73	H5.9	Gio	0.06976744186046512
ICL3	H5.9	Gio	0.18604651162790697
5.68	H5.12	Gio	0.3488372093023256
5.72	H5.12	Gio	0.11627906976744186
ICL3	H5.13	Gio	0.4186046511627907
ICL2.52	H5.15	Gio	0.09302325581395349
5.65	H5.16	Gio	0.4186046511627907
6.29	H5.16	Gio	0.13953488372093023
6.29	H5.17	Gio	0.3488372093023256
ICL2.52	H5.18	Gio	0.09302325581395349
3.56	H5.19	Gio	0.06976744186046512
ICL2.51	H5.19	Gio	0.046511627906976744
6.29	H5.20	Gio	0.3488372093023256
8.49	H5.21	Gio	0.5116279069767442
ICL2.54	H5.22	Gio	0.13953488372093023
3.5	H5.24	Gio	0.23255813953488372
7.56	H5.25	Gio	0.3953488372093023
8.48	H5.26	Gio	0.5813953488372093
3.56	H5.15	Gio	0.046511627906976744
3.56	H5.16	Gio	0.023255813953488372
ICL2.5	hns1.2	Gio	0.09302325581395349
ICL2.5	hns1.3	Gio	0.11627906976744186
ICL2.51	hns1.2	Gio	0.09302325581395349
ICL2.51	H5.18	Gio	0.023255813953488372
ICL3	H5.10	Gio	0.11627906976744186
ICL3	H5.6	Gio	0.11627906976744186
ICL2.52	H5.19	Gio	0.023255813953488372
ICL2.53	hns1.3	Gio	0.09302325581395349
ICL2.53	H5.18	Gio	0.046511627906976744
ICL3	H5.2	Gio	0.046511627906976744
ICL3	H5.5	Gio	0.046511627906976744
5.73	H5.12	Gio	0.023255813953488372
5.73	H5.13	Gio	0.06976744186046512
ICL2.51	H5.22	Gio	0.023255813953488372
8.5	H5.24	Gio	0.4418604651162791
8.47	H5.25	Gio	0.3953488372093023
6.36	H5.26	Gio	0.3488372093023256
7.56	H5.26	Gio	0.23255813953488372
8.47	H5.26	Gio	0.37209302325581395
5.72	H5.10	Gio	0.16279069767441862
ICL3	H4.22	Gio	0.11627906976744186
ICL3	h4s6.12	Gio	0.37209302325581395
ICL3	S6.1	Gio	0.06976744186046512
5.73	H5.10	Gio	0.023255813953488372
5.73	H5.16	Gio	0.023255813953488372
3.54	H5.22	Gio	0.023255813953488372
ICL2.52	H5.12	Gio	0.023255813953488372
ICL2.52	H5.16	Gio	0.023255813953488372
ICL2.53	S1.2	Gio	0.023255813953488372
6.31	H5.26	Gio	0.023255813953488372
ICL3	S6.5	Gio	0.06976744186046512
ICL3	S5.1	Gio	0.06976744186046512
ICL3	H5.14	Gio	0.09302325581395349
ICL3	H5.16	Gio	0.20930232558139536
ICL3	H5.17	Gio	0.20930232558139536
6.23	h4s6.8	Gio	0.09302325581395349
6.23	h4s6.9	Gio	0.06976744186046512
6.26	h4s6.9	Gio	0.18604651162790697
8.48	H5.24	Gio	0.627906976744186
8.49	H5.22	Gio	0.6046511627906976
ICL2.55	s2s3.2	Gio	0.3023255813953488
ICL3	H5.20	Gio	0.16279069767441862
2.4	H5.23	Gio	0.023255813953488372
ICL2.54	HN.52	Gio	0.16279069767441862
ICL2.57	HN.52	Gio	0.046511627906976744
5.71	H5.12	Gio	0.11627906976744186
5.71	H5.13	Gio	0.20930232558139536
5.72	h4s6.12	Gio	0.06976744186046512
5.72	S6.2	Gio	0.13953488372093023
8.49	H5.23	Gio	0.023255813953488372
ICL2.55	HN.52	Gio	0.18604651162790697
8.47	H5.21	Gio	0.23255813953488372
4.4	HN.48	Gio	0.11627906976744186
ICL2.55	S3.2	Gio	0.06976744186046512
ICL3	h4s6.9	Gio	0.18604651162790697
3.53	H5.16	Gio	0.20930232558139536
ICL3	H5.26	Gio	0.09302325581395349
4.39	HN.48	Gio	0.09302325581395349
4.4	HN.49	Gio	0.023255813953488372
6.32	H5.24	Gio	0.09302325581395349
ICL1.52	HN.48	Gio	0.023255813953488372
4.41	HN.48	Gio	0.023255813953488372
4.41	HN.52	Gio	0.023255813953488372
4.39	hns1.2	Gio	0.023255813953488372
6.24	h4s6.12	Gio	0.06976744186046512
ICL3	H5.12	Gio	0.06976744186046512
6.24	H5.13	Gio	0.046511627906976744
6.29	H5.25	Gio	0.11627906976744186
ICL2.52	S1.3	Gio	0.06976744186046512
ICL2.5	s2s3.2	Gio	0.023255813953488372
ICL2.5	S3.1	Gio	0.06976744186046512
5.72	H5.8	Gio	0.023255813953488372
5.69	H5.12	Gio	0.023255813953488372
7.55	H5.24	Gio	0.023255813953488372
7.55	H5.26	Gio	0.023255813953488372
ICL2.57	H5.19	Gio	0.023255813953488372
ICL2.57	H5.22	Gio	0.046511627906976744
8.48	H5.25	Gio	0.046511627906976744
3.53	H5.15	Gio	0.023255813953488372
5.61	H5.20	Gio	0.023255813953488372
3.46	H5.23	Gio	0.13953488372093023
3.5	H5.20	Gio	0.09302325581395349
8.48	H5.22	Gio	0.09302325581395349
4.36	HN.48	Gio	0.023255813953488372
4.36	HN.51	Gio	0.023255813953488372
4.34	HN.52	Gio	0.023255813953488372
4.36	HN.52	Gio	0.023255813953488372
4.34	hns1.2	Gio	0.023255813953488372
4.35	hns1.2	Gio	0.023255813953488372
4.36	hns1.2	Gio	0.023255813953488372
4.34	hns1.3	Gio	0.023255813953488372
6.24	h4s6.8	Gio	0.023255813953488372
6.24	h4s6.9	Gio	0.06976744186046512
6.25	h4s6.12	Gio	0.06976744186046512
2.38	H5.23	Gio	0.046511627906976744
ICL2.53	H5.23	Gio	0.023255813953488372
3.53	H5.25	Gio	0.06976744186046512
6.28	H5.26	Gio	0.046511627906976744
2.4	H5.22	Gio	0.06976744186046512
4.37	HN.52	Gio	0.023255813953488372
ICL2.56	HN.52	Gio	0.023255813953488372
ICL2.56	hns1.2	Gio	0.023255813953488372
6.23	h4s6.12	Gio	0.11627906976744186
6.26	h4s6.12	Gio	0.18604651162790697
6.23	S6.2	Gio	0.06976744186046512
6.26	H5.13	Gio	0.06976744186046512
2.37	H5.24	Gio	0.046511627906976744
ICL2.56	HN.48	Gio	0.023255813953488372
ICL2.55	HN.51	Gio	0.06976744186046512
ICL2.52	H5.11	Gio	0.023255813953488372
ICL2.52	H5.14	Gio	0.046511627906976744
ICL2.51	S1.1	Gio	0.023255813953488372
5.68	H5.9	Gio	0.06976744186046512
6.29	H5.13	Gio	0.046511627906976744
3.52	H5.19	Gio	0.046511627906976744
2.4	H5.24	Gio	0.023255813953488372
2.43	H5.24	Gio	0.046511627906976744
ICL3	H4.6	Gio	0.046511627906976744
ICL3	H4.23	Gio	0.09302325581395349
ICL3	H4.26	Gio	0.09302325581395349
ICL2.53	s2s3.2	Gio	0.023255813953488372
6.25	h4s6.10	Gio	0.046511627906976744
6.26	H5.16	Gio	0.046511627906976744
6.25	H5.17	Gio	0.023255813953488372
6.26	H5.17	Gio	0.046511627906976744
6.25	h4s6.11	Gio	0.023255813953488372
ICL2.56	s2s3.2	Gio	0.023255813953488372
5.67	H5.13	Gio	0.09302325581395349
5.67	H5.16	Gio	0.046511627906976744
5.68	h4s6.12	Gio	0.046511627906976744
8.5	H5.26	Gio	0.046511627906976744
ICL2	s2s3.2	Gio	0.09302325581395349
ECL2	H5.25	Gio	0.023255813953488372
ECL2	H5.16	Gio	0.023255813953488372
ECL2	H5.20	Gio	0.023255813953488372
ECL2	H5.12	Gio	0.023255813953488372
ECL2	H5.13	Gio	0.023255813953488372
5.36	H5.13	Gio	0.023255813953488372
5.38	H5.9	Gio	0.023255813953488372
5.38	H5.12	Gio	0.023255813953488372
5.38	H5.13	Gio	0.023255813953488372
5.39	S6.2	Gio	0.023255813953488372
5.39	H5.9	Gio	0.023255813953488372
5.39	H5.10	Gio	0.023255813953488372
5.39	H5.12	Gio	0.023255813953488372
5.39	H5.13	Gio	0.023255813953488372
6.34	H5.25	Gio	0.046511627906976744
7.54	H5.24	Gio	0.13953488372093023
ICL2.56	hns1.3	Gio	0.046511627906976744
6.14	H4.23	Gio	0.023255813953488372
6.18	H4.23	Gio	0.023255813953488372
6.21	h4s6.8	Gio	0.023255813953488372
5.62	H5.25	Gio	0.046511627906976744
5.65	H5.26	Gio	0.13953488372093023
5.68	H5.26	Gio	0.06976744186046512
5.69	H5.26	Gio	0.09302325581395349
6.15	H4.23	Gio	0.023255813953488372
6.18	H4.27	Gio	0.023255813953488372
6.22	h4s6.8	Gio	0.023255813953488372
ICL3	h4s6.10	Gio	0.023255813953488372
ICL3	h4s6.11	Gio	0.023255813953488372
2.36	hns1.2	Gio	0.023255813953488372
2.36	H5.19	Gio	0.023255813953488372
2.36	H5.22	Gio	0.023255813953488372
6.26	h4s6.8	Gio	0.046511627906976744
6.26	h4s6.10	Gio	0.023255813953488372
ICL1	H3.16	Gio	0.023255813953488372
ICL1	h3s5.1	Gio	0.023255813953488372
ICL1	h3s5.2	Gio	0.023255813953488372
ICL1	h2s4.2	Gio	0.023255813953488372
ICL1	h2s4.3	Gio	0.023255813953488372
ICL1	H3.17	Gio	0.023255813953488372
2.34	h2s4.3	Gio	0.023255813953488372
2.35	H5.22	Gio	0.023255813953488372
2.36	H5.21	Gio	0.023255813953488372
ICL2.51	HN.52	Gio	0.023255813953488372
ICL2.52	HN.52	Gio	0.023255813953488372
ICL2.55	HN.48	Gio	0.023255813953488372
5.72	H5.16	Gio	0.023255813953488372
6.3	H5.16	Gio	0.046511627906976744
8.48	h4s6.9	Gio	0.023255813953488372
8.49	h4s6.9	Gio	0.023255813953488372
8.49	h4s6.10	Gio	0.023255813953488372
8.52	h4s6.9	Gio	0.023255813953488372
3.46	H5.24	Gio	0.023255813953488372
ICL2.51	HN.48	Gio	0.023255813953488372
ICL2.51	HN.51	Gio	0.023255813953488372
8.49	H5.26	Gio	0.046511627906976744
ICL1	H5.22	Gio	0.023255813953488372
ICL1	hns1.2	Gio	0.023255813953488372
2.34	hns1.2	Gio	0.023255813953488372
2.34	H5.22	Gio	0.023255813953488372
2.35	hns1.2	Gio	0.023255813953488372
2.35	hns1.3	Gio	0.023255813953488372
2.35	H5.19	Gio	0.023255813953488372
2.36	H5.18	Gio	0.023255813953488372
5.67	H5.17	Gio	0.023255813953488372
ICL2.59	HN.52	Gio	0.023255813953488372
5.75	H5.9	Gio	0.023255813953488372
5.75	H5.6	Gio	0.023255813953488372
ICL2	H5.12	Gio	0.06976744186046512
ICL2	H5.15	Gio	0.06976744186046512
ICL2	H5.16	Gio	0.06976744186046512
ICL2	H5.19	Gio	0.09302325581395349
ICL2	S3.1	Gio	0.06976744186046512
ICL1.51	hns1.2	Gio	0.023255813953488372
ICL2	hns1.3	Gio	0.09302325581395349
6.29	h4s6.10	Gio	0.046511627906976744
5.64	H5.20	Gio	0.046511627906976744
3.5	H5.22	Gio	0.023255813953488372
6.4	H5.25	Gio	0.046511627906976744
7.56	H5.22	Gio	0.06976744186046512
6.4	H5.23	Gio	0.023255813953488372
7.53	H5.23	Gio	0.023255813953488372
ICL3	h4s6.2	Gio	0.023255813953488372
8.5	H5.23	Gio	0.023255813953488372
5.72	H5.6	Gio	0.023255813953488372
ICL2.54	HN.51	Gio	0.023255813953488372
6.37	H5.20	Gio	0.023255813953488372
6.37	H5.26	Gio	0.023255813953488372
5.71	S6.2	Gio	0.046511627906976744
5.71	H5.6	Gio	0.046511627906976744
5.7	H5.9	Gio	0.046511627906976744
5.71	H5.10	Gio	0.046511627906976744
7.58	H5.24	Gio	0.023255813953488372
7.58	H5.25	Gio	0.023255813953488372
7.58	H5.26	Gio	0.023255813953488372
7.59	H5.21	Gio	0.023255813953488372
7.59	H5.24	Gio	0.023255813953488372
7.59	H5.25	Gio	0.023255813953488372
7.59	H5.26	Gio	0.023255813953488372
7.61	H5.24	Gio	0.023255813953488372
4.56	H5.22	Gio	0.023255813953488372
4.59	H5.22	Gio	0.023255813953488372
4.59	H5.23	Gio	0.023255813953488372
5.62	H5.23	Gio	0.023255813953488372
5.65	H5.23	Gio	0.023255813953488372
5.66	H5.19	Gio	0.023255813953488372
5.66	H5.23	Gio	0.023255813953488372
5.66	H5.25	Gio	0.023255813953488372
ICL3	H5.19	Gio	0.023255813953488372
ICL3	H5.22	Gio	0.023255813953488372
ICL3	H5.23	Gio	0.023255813953488372
6.29	H5.12	Gio	0.023255813953488372
6.29	H5.15	Gio	0.023255813953488372
6.29	H5.19	Gio	0.023255813953488372
6.3	s2s3.1	Gio	0.023255813953488372
6.3	s2s3.2	Gio	0.023255813953488372
6.3	S3.1	Gio	0.023255813953488372
6.3	H5.12	Gio	0.023255813953488372
6.3	H5.15	Gio	0.023255813953488372
6.31	s2s3.2	Gio	0.023255813953488372
6.32	H5.19	Gio	0.023255813953488372
6.33	hns1.2	Gio	0.023255813953488372
6.33	hns1.3	Gio	0.023255813953488372
6.33	S3.1	Gio	0.023255813953488372
6.33	H5.15	Gio	0.023255813953488372
6.34	hns1.3	Gio	0.023255813953488372
6.34	s2s3.2	Gio	0.023255813953488372
6.37	HN.52	Gio	0.023255813953488372
6.38	HN.52	Gio	0.023255813953488372
8.59	H5.25	Gio	0.023255813953488372
Cterm	H5.16	Gio	0.023255813953488372
Cterm	H5.13	Gio	0.023255813953488372
Cterm	H5.17	Gio	0.023255813953488372
Cterm	h4s6.12	Gio	0.023255813953488372
Cterm	h4s6.9	Gio	0.023255813953488372
Cterm	H5.26	Gio	0.023255813953488372
Cterm	H5.20	Gio	0.023255813953488372
Cterm	H5.25	Gio	0.023255813953488372
4.55	H5.22	Gio	0.023255813953488372
4.57	H5.22	Gio	0.023255813953488372
4.57	H5.23	Gio	0.023255813953488372
5.64	H5.23	Gio	0.023255813953488372
5.65	H5.19	Gio	0.023255813953488372
5.68	H5.19	Gio	0.023255813953488372
5.68	H5.22	Gio	0.023255813953488372
5.68	H5.23	Gio	0.023255813953488372
6.28	H5.12	Gio	0.023255813953488372
6.28	H5.13	Gio	0.023255813953488372
6.28	H5.15	Gio	0.023255813953488372
6.28	H5.16	Gio	0.023255813953488372
6.28	H5.19	Gio	0.023255813953488372
6.29	s2s3.1	Gio	0.023255813953488372
6.29	s2s3.2	Gio	0.023255813953488372
6.29	S3.1	Gio	0.023255813953488372
6.31	H5.15	Gio	0.023255813953488372
6.31	H5.19	Gio	0.023255813953488372
6.32	hns1.2	Gio	0.023255813953488372
6.32	hns1.3	Gio	0.023255813953488372
6.32	S3.1	Gio	0.023255813953488372
6.32	H5.15	Gio	0.023255813953488372
6.33	s2s3.2	Gio	0.023255813953488372
6.36	HN.52	Gio	0.023255813953488372
6.37	HN.48	Gio	0.023255813953488372
8.58	H5.25	Gio	0.023255813953488372
Cterm	H3.14	Gio	0.023255813953488372
Cterm	H3.15	Gio	0.023255813953488372
Cterm	H3.16	Gio	0.023255813953488372
6.24	h4s6.10	Gio	0.023255813953488372
6.23	H5.13	Gio	0.06976744186046512
6.23	H5.9	Gio	0.023255813953488372
6.23	H5.10	Gio	0.023255813953488372
6.24	H5.9	Gio	0.023255813953488372
6.24	H5.12	Gio	0.023255813953488372
6.24	H5.16	Gio	0.023255813953488372
6.27	h4s6.12	Gio	0.023255813953488372
6.27	H5.13	Gio	0.023255813953488372
6.29	h4s6.12	Gio	0.023255813953488372
3.55	H5.19	Gio	0.023255813953488372
ICL2.52	h2s4.3	Gio	0.023255813953488372
ICL2.53	h2s4.3	Gio	0.023255813953488372
6.3	h4s6.9	Gio	0.023255813953488372
ICL2	s2s3.1	Gio	0.023255813953488372
ICL2	hns1.2	Gio	0.046511627906976744
6.28	h4s6.10	Gio	0.023255813953488372
6.28	h4s6.12	Gio	0.023255813953488372
6.29	H5.21	Gio	0.023255813953488372
5.69	S6.2	Gio	0.023255813953488372
5.69	H5.9	Gio	0.023255813953488372
5.69	H5.10	Gio	0.023255813953488372
6.25	H5.26	Gio	0.023255813953488372
ICL3	H4.2	Gio	0.023255813953488372
ICL3	H4.5	Gio	0.023255813953488372
ICL3	H4.27	Gio	0.023255813953488372
5.7	S6.2	Gio	0.023255813953488372
5.72	S6.3	Gio	0.023255813953488372
5.71	S6.4	Gio	0.023255813953488372
5.72	S6.4	Gio	0.023255813953488372
5.7	H5.13	Gio	0.023255813953488372
