SS1	SS2	cont_gs	fraction_gs	cont_gio	fraction_gio	cont_gq11	fraction_gq11
ICL2	HN	13.0	0.2516666666666666	18.0	0.0973072215422276	2.0	0.3
TM4	HN	9.0	0.2388888888888889	23.0	0.2513128282070517	2.0	0.375
ICL2	hns1	14.0	0.596551724137931	43.0	0.422225316808244	3.0	0.4722222222222222
ICL2	S1	13.0	0.4285714285714285	12.0	0.0921619293712317	2.0	0.5
ICL2	s2s3	13.0	0.4469135802469136	34.0	0.3921326076199901	3.0	0.3214285714285714
ICL2	S3	14.0	0.5533333333333333	37.0	0.4564784053156146	3.0	0.5
ICL3	H4	6.0	0.1321428571428571	7.0	0.082687338501292	2.0	0.25
ICL3	h4s6	5.0	0.209090909090909	20.0	0.2786391042204996	2.0	0.45
TM5	h4s6	11.0	0.2074074074074074	5.0	0.0604651162790697	2.0	0.25
ICL2	H5	14.0	0.4163355408388521	41.0	0.5841701902748414	4.0	0.4833333333333333
TM5	H5	13.0	0.2814102564102564	41.0	0.3871716058690483	3.0	0.29
TM3	H5	15.0	0.4026365348399247	43.0	0.8016568149458515	4.0	0.575
H8	H5	14.0	0.2633333333333333	41.0	0.5506491653588244	4.0	0.3863636363636363
TM6	H5	15.0	0.3112262521588946	43.0	0.6180661931950053	4.0	0.625
TM7	H5	13.0	0.2186046511627907	36.0	0.4101667009672772	4.0	0.4318181818181818
ICL2	s6h5	6.0	0.1888888888888888	0.0	0.0	0.0	0.0
ICL2	hfs2	2.0	0.103030303030303	0.0	0.0	0.0	0.0
ICL2	S6	2.0	0.0666666666666666	0.0	0.0	0.0	0.0
TM5	s6h5	3.0	0.0833333333333333	0.0	0.0	0.0	0.0
TM5	H4	9.0	0.1064935064935064	0.0	0.0	0.0	0.0
ICL3	HG	1.0	0.0666666666666666	0.0	0.0	0.0	0.0
TM3	s6h5	3.0	0.0833333333333333	0.0	0.0	0.0	0.0
TM3	S6	1.0	0.0666666666666666	0.0	0.0	0.0	0.0
ICL2	HF	2.0	0.0666666666666666	0.0	0.0	0.0	0.0
ICL2	h4s6	2.0	0.0666666666666666	0.0	0.0	0.0	0.0
TM5	S6	6.0	0.1166666666666666	8.0	0.0764119601328903	1.0	0.25
ICL2	hbhc	1.0	0.0666666666666666	0.0	0.0	0.0	0.0
TM2	H5	9.0	0.2628930817610063	41.0	0.6724498584963702	3.0	0.2857142857142857
TM4	hns1	5.0	0.2266666666666666	8.0	0.0872093023255814	3.0	0.75
TM3	h2s4	1.0	0.0666666666666666	0.0	0.0	0.0	0.0
TM3	S4	1.0	0.0666666666666666	0.0	0.0	0.0	0.0
TM3	H2	1.0	0.0666666666666666	0.0	0.0	0.0	0.0
ICL2	H2	1.0	0.0666666666666666	0.0	0.0	0.0	0.0
ICL2	h2s4	1.0	0.0666666666666666	4.0	0.0697674418604651	0.0	0.0
ICL2	h1ha	1.0	0.0666666666666666	0.0	0.0	0.0	0.0
TM5	S4	1.0	0.0666666666666666	0.0	0.0	0.0	0.0
TM5	H2	1.0	0.0666666666666666	0.0	0.0	0.0	0.0
TM5	h2s4	1.0	0.0666666666666666	0.0	0.0	0.0	0.0
TM5	S2	1.0	0.0666666666666666	0.0	0.0	0.0	0.0
TM5	HE	1.0	0.0666666666666666	0.0	0.0	0.0	0.0
TM5	HF	1.0	0.0666666666666666	0.0	0.0	0.0	0.0
TM5	hfs2	1.0	0.0666666666666666	0.0	0.0	0.0	0.0
TM5	hdhe	1.0	0.0666666666666666	0.0	0.0	0.0	0.0
TM5	hehf	1.0	0.0666666666666666	0.0	0.0	0.0	0.0
TM5	HD	1.0	0.0666666666666666	0.0	0.0	0.0	0.0
TM6	S4	1.0	0.0666666666666666	0.0	0.0	0.0	0.0
H8	h2s4	1.0	0.0666666666666666	0.0	0.0	0.0	0.0
H8	S4	1.0	0.0666666666666666	0.0	0.0	0.0	0.0
TM2	hns1	2.0	0.1	1.0	0.0232558139534883	0.0	0.0
TM5	hgh4	2.0	0.0666666666666666	0.0	0.0	0.0	0.0
TM7	S4	1.0	0.0666666666666666	0.0	0.0	0.0	0.0
ICL1	HN	2.0	0.0666666666666666	1.0	0.0232558139534883	0.0	0.0
TM5	HG	1.0	0.0666666666666666	0.0	0.0	0.0	0.0
TM6	h4s6	4.0	0.0989898989898989	30.0	0.1561461794019933	2.0	0.3214285714285714
ICL3	S5	1.0	0.0666666666666666	3.0	0.0697674418604651	0.0	0.0
ICL2	H4	1.0	0.0666666666666666	0.0	0.0	0.0	0.0
TM3	h4s6	1.0	0.0666666666666666	0.0	0.0	0.0	0.0
H8	h4s6	1.0	0.0666666666666666	1.0	0.0232558139534883	0.0	0.0
TM2	h4s6	1.0	0.0666666666666666	0.0	0.0	0.0	0.0
TM6	S6	1.0	0.0666666666666666	3.0	0.0697674418604651	0.0	0.0
H8	S6	1.0	0.0666666666666666	0.0	0.0	0.0	0.0
TM7	S6	1.0	0.0666666666666666	0.0	0.0	0.0	0.0
ICL3	H5	2.0	0.0666666666666666	20.0	0.2248062015503876	1.0	0.25
TM6	H4	2.0	0.0666666666666666	1.0	0.0232558139534883	0.0	0.0
TM6	hgh4	1.0	0.0666666666666666	0.0	0.0	0.0	0.0
ICL2	S2	1.0	0.0666666666666666	0.0	0.0	1.0	0.25
TM6	s6h5	1.0	0.0666666666666666	0.0	0.0	0.0	0.0
ICL1	H5	2.0	0.0666666666666666	1.0	0.0232558139534883	0.0	0.0
ICL3	hgh4	1.0	0.0666666666666666	0.0	0.0	0.0	0.0
TM3	HN	1.0	0.0666666666666666	0.0	0.0	0.0	0.0
TM3	hns1	1.0	0.0666666666666666	0.0	0.0	0.0	0.0
TM3	S1	1.0	0.0666666666666666	0.0	0.0	0.0	0.0
TM3	hfs2	1.0	0.0666666666666666	0.0	0.0	0.0	0.0
ICL3	S6	1.0	0.0666666666666666	13.0	0.1876503608660785	2.0	0.4821428571428571
TM1	HN	1.0	0.0666666666666666	0.0	0.0	0.0	0.0
TM1	hns1	1.0	0.0666666666666666	0.0	0.0	0.0	0.0
ICL1	hns1	1.0	0.0666666666666666	2.0	0.0232558139534883	0.0	0.0
TM2	h2s4	1.0	0.0666666666666666	1.0	0.0232558139534883	0.0	0.0
TM1	H5	1.0	0.0666666666666666	0.0	0.0	0.0	0.0
ECL2	H5	0.0	0.0	1.0	0.0232558139534883	0.0	0.0
ICL1	H3	0.0	0.0	1.0	0.0232558139534883	0.0	0.0
ICL1	h3s5	0.0	0.0	1.0	0.0232558139534883	0.0	0.0
ICL1	h2s4	0.0	0.0	1.0	0.0232558139534883	0.0	0.0
TM4	H5	0.0	0.0	1.0	0.0232558139534883	0.0	0.0
TM6	s2s3	0.0	0.0	1.0	0.0232558139534883	0.0	0.0
TM6	S3	0.0	0.0	1.0	0.0232558139534883	0.0	0.0
TM6	hns1	0.0	0.0	1.0	0.0232558139534883	0.0	0.0
TM6	HN	0.0	0.0	1.0	0.0232558139534883	0.0	0.0
Cterm	H5	0.0	0.0	1.0	0.0232558139534883	0.0	0.0
Cterm	h4s6	0.0	0.0	1.0	0.0232558139534883	0.0	0.0
Cterm	H3	0.0	0.0	1.0	0.0232558139534883	1.0	0.25
