PDB_ID	CHAIN	PDB_RES_NUM
3sn6	R	39,40,41,42,43,44,45,46,47,48,49,50,51,52,53,54,55,56,57,58,59,106,107,108,109,110,111,112,113,114,115,116,117,118,119,120,121,122,123,124,125,126,127,128,129,130,131,132,133,134,135,136,152,153,154,155,156,157,158,159,160,161,162,163,165,167,168,201,273,274,275,276,277,278,279,280,281,282,283,284,285,286,287,288
5uz7	R	151,152,153,154,155,156,157,158,159,160,161,162,163,164,165,166,167,168,169,170,171,219,220,221,222,223,224,225,226,227,228,229,230,231,232,233,234,235,236,237,238,239,240,241,242,243,244,245,246,247,248,249,260,261,262,263,264,265,267,268,269,270,271,272,274,276,277,298,343,344,345,346,347,348,349,350,351,352,353,354,355,356,357,358
6b3j	R	147,148,149,150,151,152,153,154,155,156,157,158,159,160,161,162,163,164,165,166,167,226,227,228,229,230,231,232,233,234,235,236,237,238,239,240,241,242,243,244,245,246,247,248,249,250,251,252,253,254,255,256,267,268,269,270,271,272,274,275,276,277,278,279,281,283,284,306,351,352,353,354,355,356,357,358,359,360,361,362,363,364,365,366
6cmo	R	43,44,45,46,47,48,49,50,51,52,53,54,55,56,57,58,59,60,61,62,63,110,111,112,113,114,115,116,117,118,119,120,121,122,123,124,125,126,127,128,129,130,131,132,133,134,135,136,137,138,139,140,155,156,157,158,159,160,161,162,163,164,165,166,168,170,171,205,252,253,254,255,256,257,258,259,260,261,262,263,264,265,266,267
6d9h	R	15,16,17,18,19,20,21,22,23,24,25,26,27,28,29,30,31,32,33,34,35,80,81,82,83,84,85,86,87,88,89,90,91,92,93,94,95,96,97,98,99,100,101,102,103,104,105,106,107,108,109,110,126,127,128,129,130,131,132,133,134,135,136,137,139,141,142,181,234,235,236,237,238,239,240,241,242,243,244,245,246,247,248,249
6dde	R	74,75,76,77,78,79,80,81,82,83,84,85,86,87,88,89,90,91,92,93,94,140,141,142,143,144,145,146,147,148,149,150,151,152,153,154,155,156,157,158,159,160,161,162,163,164,165,166,167,168,169,170,186,187,188,189,190,191,192,193,194,195,196,197,199,201,202,234,280,281,282,283,284,285,286,287,288,289,290,291,292,293,294,295
6ddf	R	74,75,76,77,78,79,80,81,82,83,84,85,86,87,88,89,90,91,92,93,94,140,141,142,143,144,145,146,147,148,149,150,151,152,153,154,155,156,157,158,159,160,161,162,163,164,165,166,167,168,169,170,186,187,188,189,190,191,192,193,194,195,196,197,199,201,202,234,280,281,282,283,284,285,286,287,288,289,290,291,292,293,294,295
6e3y	R	144,145,146,147,148,149,150,151,152,153,154,155,156,157,158,159,160,161,162,163,164,212,213,214,215,216,217,218,219,220,221,222,223,224,225,226,227,228,229,230,231,232,233,234,235,236,237,238,239,240,241,242,253,254,255,256,257,258,260,261,262,263,264,265,267,269,270,291,336,337,338,339,340,341,342,343,344,345,346,347,348,349,350,351
6fuf	A	43,44,45,46,47,48,49,50,51,52,53,54,55,56,57,58,59,60,61,62,63,110,111,112,113,114,115,116,117,118,119,120,121,122,123,124,125,126,127,128,129,130,131,132,133,134,135,136,137,138,139,140,155,156,157,158,159,160,161,162,163,164,165,166,168,170,171,205,252,253,254,255,256,257,258,259,260,261,262,263,264,265,266,267
6g79	S	55,56,57,58,59,60,61,62,63,64,65,66,67,68,69,70,71,72,73,74,75,122,123,124,125,126,127,128,129,130,131,132,133,134,135,136,137,138,139,140,141,142,143,144,145,146,147,148,149,150,151,152,168,169,170,171,172,173,174,175,176,177,178,179,181,183,184,210,314,315,316,317,318,319,320,321,322,323,324,325,326,327,328,329
6gdg	A	12,13,14,15,16,17,18,19,20,21,22,23,24,25,26,27,28,29,30,31,32,77,78,79,80,81,82,83,84,85,86,87,88,89,90,91,92,93,94,95,96,97,98,99,100,101,102,103,104,105,106,107,123,124,125,126,127,128,129,130,131,132,133,134,136,138,139,178,233,234,235,236,237,238,239,240,241,242,243,244,245,246,247,248
6k41	R	18,19,20,21,22,23,24,25,26,27,28,29,30,31,32,33,34,35,36,37,38,85,86,87,88,89,90,91,92,93,94,95,96,97,98,99,100,101,102,103,104,105,106,107,108,109,110,111,112,113,114,115,131,132,133,134,135,136,137,138,139,140,141,142,144,146,147,174,371,372,373,374,375,376,377,378,379,380,381,382,383,384,385,386
6k42	R	18,19,20,21,22,23,24,25,26,27,28,29,30,31,32,33,34,35,36,37,38,85,86,87,88,89,90,91,92,93,94,95,96,97,98,99,100,101,102,103,104,105,106,107,108,109,110,111,112,113,114,115,131,132,133,134,135,136,137,138,139,140,141,142,144,146,147,174,371,372,373,374,375,376,377,378,379,380,381,382,383,384,385,386
6kpf	R	39,40,41,42,43,44,45,46,47,48,49,50,51,52,53,54,55,56,57,58,59,106,107,108,109,110,111,112,113,114,115,116,117,118,119,120,121,122,123,124,125,126,127,128,129,130,131,132,133,134,135,136,152,153,154,155,156,157,158,159,160,161,162,163,165,167,168,192,245,246,247,248,249,250,251,252,253,254,255,256,257,258,259,260
6kpg	R	122,123,124,125,126,127,128,129,130,131,132,133,134,135,136,137,138,139,140,141,142,189,190,191,192,193,194,195,196,197,198,199,200,201,202,203,204,205,206,207,208,209,210,211,212,213,214,215,216,217,218,219,235,236,237,238,239,240,241,242,243,244,245,246,248,250,251,277,343,344,345,346,347,348,349,350,351,352,353,354,355,356,357,358
6lfm	R	54,55,56,57,58,59,60,61,62,63,64,65,66,67,68,69,70,71,72,73,74,119,120,121,122,123,124,125,126,127,128,129,130,131,132,133,134,135,136,137,138,139,140,141,142,143,144,145,146,147,148,149,164,165,166,167,168,169,170,171,172,173,174,175,177,178,179,213,251,252,253,254,255,256,257,258,259,260,261,262,263,264,265,266
6lfo	R	54,55,56,57,58,59,60,61,62,63,64,65,66,67,68,69,70,71,72,73,74,119,120,121,122,123,124,125,126,127,128,129,130,131,132,133,134,135,136,137,138,139,140,141,142,143,144,145,146,147,148,149,164,165,166,167,168,169,170,171,172,173,174,175,177,178,179,213,251,252,253,254,255,256,257,258,259,260,261,262,263,264,265,266
6li3	R	46,47,48,49,50,51,52,53,54,55,56,57,58,59,60,61,62,63,64,65,66,114,115,116,117,118,119,120,121,122,123,124,125,126,127,128,129,130,131,132,133,134,135,136,137,138,139,140,141,142,143,144,160,161,162,163,164,165,166,167,168,169,170,171,173,174,175,204,265,266,267,268,269,270,271,272,273,274,275,276,277,278,279,280
6lmk	R	144,145,146,147,148,149,150,151,152,153,154,155,156,157,158,159,160,161,162,163,164,224,225,226,227,228,229,230,231,232,233,234,235,236,237,238,239,240,241,242,243,244,245,246,247,248,249,250,251,252,253,254,265,266,267,268,269,270,272,273,274,275,276,277,279,281,282,304,349,350,351,352,353,354,355,356,357,358,359,360,361,362,363,364
6lml	R	144,145,146,147,148,149,150,151,152,153,154,155,156,157,158,159,160,161,162,163,164,224,225,226,227,228,229,230,231,232,233,234,235,236,237,238,239,240,241,242,243,244,245,246,247,248,249,250,251,252,253,254,265,266,267,268,269,270,272,273,274,275,276,277,279,281,282,304,349,350,351,352,353,354,355,356,357,358,359,360,361,362,363,364
6lpb	R	156,157,158,159,160,161,162,163,164,165,166,167,168,169,170,171,172,173,174,175,176,226,227,228,229,230,231,232,233,234,235,236,237,238,239,240,241,242,243,244,245,246,247,248,249,250,251,252,253,254,255,256,267,268,269,270,271,272,274,275,276,277,278,279,281,283,284,306,353,354,355,356,357,358,359,360,361,362,363,364,365,366,367,368
6m1h	A	156,157,158,159,160,161,162,163,164,165,166,167,168,169,170,171,172,173,174,175,176,226,227,228,229,230,231,232,233,234,235,236,237,238,239,240,241,242,243,244,245,246,247,248,249,250,251,252,253,254,255,256,267,268,269,270,271,272,274,275,276,277,278,279,281,283,284,306,353,354,355,356,357,358,359,360,361,362,363,364,365,366,367,368
6m1i	A	156,157,158,159,160,161,162,163,164,165,166,167,168,169,170,171,172,173,174,175,176,226,227,228,229,230,231,232,233,234,235,236,237,238,239,240,241,242,243,244,245,246,247,248,249,250,251,252,253,254,255,256,267,268,269,270,271,272,274,275,276,277,278,279,281,283,284,306,353,354,355,356,357,358,359,360,361,362,363,364,365,366,367,368
6n4b	R	122,123,124,125,126,127,128,129,130,131,132,133,134,135,136,137,138,139,140,141,142,189,190,191,192,193,194,195,196,197,198,199,200,201,202,203,204,205,206,207,208,209,210,211,212,213,214,215,216,217,218,219,235,236,237,238,239,240,241,242,243,244,245,246,248,250,251,277,343,344,345,346,347,348,349,350,351,352,353,354,355,356,357,358
6nbf	R	190,191,192,193,194,195,196,197,198,199,200,201,202,203,204,205,206,207,208,209,210,281,282,283,284,285,286,287,288,289,290,291,292,293,294,295,296,297,298,299,300,301,302,303,304,305,306,307,308,309,310,311,322,323,324,325,326,327,329,330,331,332,333,334,336,338,339,360,408,409,410,411,412,413,414,415,416,417,418,419,420,421,422,423
6nbh	R	190,191,192,193,194,195,196,197,198,199,200,201,202,203,204,205,206,207,208,209,210,281,282,283,284,285,286,287,288,289,290,291,292,293,294,295,296,297,298,299,300,301,302,303,304,305,306,307,308,309,310,311,322,323,324,325,326,327,329,330,331,332,333,334,336,338,339,360,408,409,410,411,412,413,414,415,416,417,418,419,420,421,422,423
6nbi	R	190,191,192,193,194,195,196,197,198,199,200,201,202,203,204,205,206,207,208,209,210,281,282,283,284,285,286,287,288,289,290,291,292,293,294,295,296,297,298,299,300,301,302,303,304,305,306,307,308,309,310,311,322,323,324,325,326,327,329,330,331,332,333,334,336,338,339,360,408,409,410,411,412,413,414,415,416,417,418,419,420,421,422,423
6ni3	R	39,40,41,42,43,44,45,46,47,48,49,50,51,52,53,54,55,56,57,58,59,106,107,108,109,110,111,112,113,114,115,116,117,118,119,120,121,122,123,124,125,126,127,128,129,130,131,132,133,134,135,136,152,153,154,155,156,157,158,159,160,161,162,163,165,167,168,201,273,274,275,276,277,278,279,280,281,282,283,284,285,286,287,288
6niy	R	151,152,153,154,155,156,157,158,159,160,161,162,163,164,165,166,167,168,169,170,171,219,220,221,222,223,224,225,226,227,228,229,230,231,232,233,234,235,236,237,238,239,240,241,242,243,244,245,246,247,248,249,260,261,262,263,264,265,267,268,269,270,271,272,274,276,277,298,343,344,345,346,347,348,349,350,351,352,353,354,355,356,357,358
6oij	R	31,32,33,34,35,36,37,38,39,40,41,42,43,44,45,46,47,48,49,50,51,98,99,100,101,102,103,104,105,106,107,108,109,110,111,112,113,114,115,116,117,118,119,120,121,122,123,124,125,126,127,128,144,145,146,147,148,149,150,151,152,153,154,155,157,159,160,190,365,366,367,368,369,370,371,372,373,374,375,376,377,378,379,380
6oik	R	29,30,31,32,33,34,35,36,37,38,39,40,41,42,43,44,45,46,47,48,49,96,97,98,99,100,101,102,103,104,105,106,107,108,109,110,111,112,113,114,115,116,117,118,119,120,121,122,123,124,125,126,142,143,144,145,146,147,148,149,150,151,152,153,155,157,158,188,387,388,389,390,391,392,393,394,395,396,397,398,399,400,401,402
6omm	R	32,33,34,35,36,37,38,39,40,41,42,43,44,45,46,47,48,49,50,51,52,98,99,100,101,102,103,104,105,106,107,108,109,110,111,112,113,114,115,116,117,118,119,120,121,122,123,124,125,126,127,128,144,145,146,147,148,149,150,151,152,153,154,155,157,158,159,203,241,242,243,244,245,246,247,248,249,250,251,252,253,254,255,256
6orv	RP	147,148,149,150,151,152,153,154,155,156,157,158,159,160,161,162,163,164,165,166,167,226,227,228,229,230,231,232,233,234,235,236,237,238,239,240,241,242,243,244,245,246,247,248,249,250,251,252,253,254,255,256,267,268,269,270,271,272,274,275,276,277,278,279,281,283,284,306,351,352,353,354,355,356,357,358,359,360,361,362,363,364,365,366
6os9	R	69,70,71,72,73,74,75,76,77,78,79,80,81,82,83,84,85,86,87,88,89,141,142,143,144,145,146,147,148,149,150,151,152,153,154,155,156,157,158,159,160,161,162,163,164,165,166,167,168,169,170,171,187,188,189,190,191,192,193,194,195,196,197,198,200,201,202,238,303,304,305,306,307,308,309,310,311,312,313,314,315,316,317,318
6osa	R	69,70,71,72,73,74,75,76,77,78,79,80,81,82,83,84,85,86,87,88,89,141,142,143,144,145,146,147,148,149,150,151,152,153,154,155,156,157,158,159,160,161,162,163,164,165,166,167,168,169,170,171,187,188,189,190,191,192,193,194,195,196,197,198,200,201,202,238,303,304,305,306,307,308,309,310,311,312,313,314,315,316,317,318
6ot0	R	233,234,235,236,237,238,239,240,241,242,243,244,245,246,247,248,249,250,251,252,253,314,315,316,317,318,319,320,321,322,323,324,325,326,327,328,329,330,331,332,333,334,335,336,337,338,339,340,341,342,343,344,359,360,361,362,363,364,365,366,367,368,369,370,372,374,375,401,450,451,452,453,454,455,456,457,458,459,460,461,462,463,464,465
6oy9	R	43,44,45,46,47,48,49,50,51,52,53,54,55,56,57,58,59,60,61,62,63,110,111,112,113,114,115,116,117,118,119,120,121,122,123,124,125,126,127,128,129,130,131,132,133,134,135,136,137,138,139,140,155,156,157,158,159,160,161,162,163,164,165,166,168,170,171,205,252,253,254,255,256,257,258,259,260,261,262,263,264,265,266,267
6oya	R	43,44,45,46,47,48,49,50,51,52,53,54,55,56,57,58,59,60,61,62,63,110,111,112,113,114,115,116,117,118,119,120,121,122,123,124,125,126,127,128,129,130,131,132,133,134,135,136,137,138,139,140,155,156,157,158,159,160,161,162,163,164,165,166,168,170,171,205,252,253,254,255,256,257,258,259,260,261,262,263,264,265,266,267
6p9x	R	122,123,124,125,126,127,128,129,130,131,132,133,134,135,136,137,138,139,140,141,142,159,160,161,162,163,164,165,166,167,168,169,170,171,172,173,174,175,176,177,178,179,180,181,182,183,184,185,186,187,188,189,200,201,202,203,204,205,207,208,209,210,211,212,214,216,217,241,285,286,287,288,289,290,291,292,293,294,295,296,297,298,299,300
6p9y	R	156,157,158,159,160,161,162,163,164,165,166,167,168,169,170,171,172,173,174,175,176,226,227,228,229,230,231,232,233,234,235,236,237,238,239,240,241,242,243,244,245,246,247,248,249,250,251,252,253,254,255,256,267,268,269,270,271,272,274,275,276,277,278,279,281,283,284,306,353,354,355,356,357,358,359,360,361,362,363,364,365,366,367,368
6pb0	R	122,123,124,125,126,127,128,129,130,131,132,133,134,135,136,137,138,139,140,141,142,159,160,161,162,163,164,165,166,167,168,169,170,171,172,173,174,175,176,177,178,179,180,181,182,183,184,185,186,187,188,189,200,201,202,203,204,205,207,208,209,210,211,212,214,216,217,241,285,286,287,288,289,290,291,292,293,294,295,296,297,298,299,300
6pb1	P	119,120,121,122,123,124,125,126,127,128,129,130,131,132,133,134,135,136,137,138,139,184,185,186,187,188,189,190,191,192,193,194,195,196,197,198,199,200,201,202,203,204,205,206,207,208,209,210,211,212,213,214,225,226,227,228,229,230,232,233,234,235,236,237,239,241,242,265,310,311,312,313,314,315,316,317,318,319,320,321,322,323,324,325
6pt0	R	39,40,41,42,43,44,45,46,47,48,49,50,51,52,53,54,55,56,57,58,59,106,107,108,109,110,111,112,113,114,115,116,117,118,119,120,121,122,123,124,125,126,127,128,129,130,131,132,133,134,135,136,152,153,154,155,156,157,158,159,160,161,162,163,165,167,168,192,245,246,247,248,249,250,251,252,253,254,255,256,257,258,259,260
6qno	R	43,44,45,46,47,48,49,50,51,52,53,54,55,56,57,58,59,60,61,62,63,110,111,112,113,114,115,116,117,118,119,120,121,122,123,124,125,126,127,128,129,130,131,132,133,134,135,136,137,138,139,140,155,156,157,158,159,160,161,162,163,164,165,166,168,170,171,205,252,253,254,255,256,257,258,259,260,261,262,263,264,265,266,267
6uun	R	144,145,146,147,148,149,150,151,152,153,154,155,156,157,158,159,160,161,162,163,164,212,213,214,215,216,217,218,219,220,221,222,223,224,225,226,227,228,229,230,231,232,233,234,235,236,237,238,239,240,241,242,253,254,255,256,257,258,260,261,262,263,264,265,267,269,270,291,336,337,338,339,340,341,342,343,344,345,346,347,348,349,350,351
6uus	R	144,145,146,147,148,149,150,151,152,153,154,155,156,157,158,159,160,161,162,163,164,212,213,214,215,216,217,218,219,220,221,222,223,224,225,226,227,228,229,230,231,232,233,234,235,236,237,238,239,240,241,242,253,254,255,256,257,258,260,261,262,263,264,265,267,269,270,291,336,337,338,339,340,341,342,343,344,345,346,347,348,349,350,351
6uva	R	144,145,146,147,148,149,150,151,152,153,154,155,156,157,158,159,160,161,162,163,164,212,213,214,215,216,217,218,219,220,221,222,223,224,225,226,227,228,229,230,231,232,233,234,235,236,237,238,239,240,241,242,253,254,255,256,257,258,260,261,262,263,264,265,267,269,270,291,336,337,338,339,340,341,342,343,344,345,346,347,348,349,350,351
6vcb	R	147,148,149,150,151,152,153,154,155,156,157,158,159,160,161,162,163,164,165,166,167,226,227,228,229,230,231,232,233,234,235,236,237,238,239,240,241,242,243,244,245,246,247,248,249,250,251,252,253,254,255,256,267,268,269,270,271,272,274,275,276,277,278,279,281,283,284,306,351,352,353,354,355,356,357,358,359,360,361,362,363,364,365,366
6vms	R	40,41,42,43,44,45,46,47,48,49,50,51,52,53,54,55,56,57,58,59,60,107,108,109,110,111,112,113,114,115,116,117,118,119,120,121,122,123,124,125,126,127,128,129,130,131,132,133,134,135,136,137,154,155,156,157,158,159,160,161,162,163,164,165,167,168,169,191,373,374,375,376,377,378,379,380,381,382,383,384,385,386,387,388
6vn7	R	145,146,147,148,149,150,151,152,153,154,155,156,157,158,159,160,161,162,163,164,165,215,216,217,218,219,220,221,222,223,224,225,226,227,228,229,230,231,232,233,234,235,236,237,238,239,240,241,242,243,244,245,256,257,258,259,260,261,263,264,265,266,267,268,270,272,273,294,341,342,343,344,345,346,347,348,349,350,351,352,353,354,355,356
6whc	R	144,145,146,147,148,149,150,151,152,153,154,155,156,157,158,159,160,161,162,163,164,224,225,226,227,228,229,230,231,232,233,234,235,236,237,238,239,240,241,242,243,244,245,246,247,248,249,250,251,252,253,254,265,266,267,268,269,270,272,273,274,275,276,277,279,281,282,304,349,350,351,352,353,354,355,356,357,358,359,360,361,362,363,364
6wi9	R	145,146,147,148,149,150,151,152,153,154,155,156,157,158,159,160,161,162,163,164,165,215,216,217,218,219,220,221,222,223,224,225,226,227,228,229,230,231,232,233,234,235,236,237,238,239,240,241,242,243,244,245,256,257,258,259,260,261,263,264,265,266,267,268,270,272,273,295,342,343,344,345,346,347,348,349,350,351,352,353,354,355,356,357
6wpw	R	144,145,146,147,148,149,150,151,152,153,154,155,156,157,158,159,160,161,162,163,164,224,225,226,227,228,229,230,231,232,233,234,235,236,237,238,239,240,241,242,243,244,245,246,247,248,249,250,251,252,253,254,265,266,267,268,269,270,272,273,274,275,276,277,279,281,282,304,349,350,351,352,353,354,355,356,357,358,359,360,361,362,363,364
6wwz	R	52,53,54,55,56,57,58,59,60,61,62,63,64,65,66,67,68,69,70,71,72,118,119,120,121,122,123,124,125,126,127,128,129,130,131,132,133,134,135,136,137,138,139,140,141,142,143,144,145,146,147,148,166,167,168,169,170,171,172,173,174,175,176,177,179,180,181,216,254,255,256,257,258,259,260,261,262,263,264,265,266,267,268,269
6wzg	R	145,146,147,148,149,150,151,152,153,154,155,156,157,158,159,160,161,162,163,164,165,215,216,217,218,219,220,221,222,223,224,225,226,227,228,229,230,231,232,233,234,235,236,237,238,239,240,241,242,243,244,245,256,257,258,259,260,261,263,264,265,266,267,268,270,272,273,295,342,343,344,345,346,347,348,349,350,351,352,353,354,355,356,357
6x18	R	147,148,149,150,151,152,153,154,155,156,157,158,159,160,161,162,163,164,165,166,167,226,227,228,229,230,231,232,233,234,235,236,237,238,239,240,241,242,243,244,245,246,247,248,249,250,251,252,253,254,255,256,267,268,269,270,271,272,274,275,276,277,278,279,281,283,284,306,351,352,353,354,355,356,357,358,359,360,361,362,363,364,365,366
6x19	R	147,148,149,150,151,152,153,154,155,156,157,158,159,160,161,162,163,164,165,166,167,226,227,228,229,230,231,232,233,234,235,236,237,238,239,240,241,242,243,244,245,246,247,248,249,250,251,252,253,254,255,256,267,268,269,270,271,272,274,275,276,277,278,279,281,283,284,306,351,352,353,354,355,356,357,358,359,360,361,362,363,364,365,366
6x1a	R	147,148,149,150,151,152,153,154,155,156,157,158,159,160,161,162,163,164,165,166,167,226,227,228,229,230,231,232,233,234,235,236,237,238,239,240,241,242,243,244,245,246,247,248,249,250,251,252,253,254,255,256,267,268,269,270,271,272,274,275,276,277,278,279,281,283,284,306,351,352,353,354,355,356,357,358,359,360,361,362,363,364,365,366
6xbj	R	233,234,235,236,237,238,239,240,241,242,243,244,245,246,247,248,249,250,251,252,253,314,315,316,317,318,319,320,321,322,323,324,325,326,327,328,329,330,331,332,333,334,335,336,337,338,339,340,341,342,343,344,359,360,361,362,363,364,365,366,367,368,369,370,372,374,375,401,450,451,452,453,454,455,456,457,458,459,460,461,462,463,464,465
6xbk	R	233,234,235,236,237,238,239,240,241,242,243,244,245,246,247,248,249,250,251,252,253,314,315,316,317,318,319,320,321,322,323,324,325,326,327,328,329,330,331,332,333,334,335,336,337,338,339,340,341,342,343,344,359,360,361,362,363,364,365,366,367,368,369,370,372,374,375,401,450,451,452,453,454,455,456,457,458,459,460,461,462,463,464,465
6xbl	R	233,234,235,236,237,238,239,240,241,242,243,244,245,246,247,248,249,250,251,252,253,314,315,316,317,318,319,320,321,322,323,324,325,326,327,328,329,330,331,332,333,334,335,336,337,338,339,340,341,342,343,344,359,360,361,362,363,364,365,366,367,368,369,370,372,374,375,401,450,451,452,453,454,455,456,457,458,459,460,461,462,463,464,465
6xbm	R	233,234,235,236,237,238,239,240,241,242,243,244,245,246,247,248,249,250,251,252,253,314,315,316,317,318,319,320,321,322,323,324,325,326,327,328,329,330,331,332,333,334,335,336,337,338,339,340,341,342,343,344,359,360,361,362,363,364,365,366,367,368,369,370,372,374,375,401,450,451,452,453,454,455,456,457,458,459,460,461,462,463,464,465
6xox	R	147,148,149,150,151,152,153,154,155,156,157,158,159,160,161,162,163,164,165,166,167,226,227,228,229,230,231,232,233,234,235,236,237,238,239,240,241,242,243,244,245,246,247,248,249,250,251,252,253,254,255,256,267,268,269,270,271,272,274,275,276,277,278,279,281,283,284,306,351,352,353,354,355,356,357,358,359,360,361,362,363,364,365,366
7aue	R	50,51,52,53,54,55,56,57,58,59,60,61,62,63,64,65,66,67,68,69,70,122,123,124,125,126,127,128,129,130,131,132,133,134,135,136,137,138,139,140,141,142,143,144,145,146,147,148,149,150,151,152,168,169,170,171,172,173,174,175,176,177,178,179,181,183,184,195,245,246,247,248,249,250,251,252,253,254,255,256,257,258,259,260
7bb6	A	43,44,45,46,47,48,49,50,51,52,53,54,55,56,57,58,59,60,61,62,63,112,113,114,115,116,117,118,119,120,121,122,123,124,125,126,127,128,129,130,131,132,133,134,135,136,137,138,139,140,141,142,158,159,160,161,162,163,164,165,166,167,168,169,171,172,173,207,271,272,273,274,275,276,277,278,279,280,281,282,283,284,285,286
7bb7	A	43,44,45,46,47,48,49,50,51,52,53,54,55,56,57,58,59,60,61,62,63,112,113,114,115,116,117,118,119,120,121,122,123,124,125,126,127,128,129,130,131,132,133,134,135,136,137,138,139,140,141,142,158,159,160,161,162,163,164,165,166,167,168,169,171,172,173,207,271,272,273,274,275,276,277,278,279,280,281,282,283,284,285,286
7bw0	R	20,21,22,23,24,25,26,27,28,29,30,31,32,33,34,35,36,37,38,39,40,85,86,87,88,89,90,91,92,93,94,95,96,97,98,99,100,101,102,103,104,105,106,107,108,109,110,111,112,113,114,115,126,127,128,129,130,131,132,133,134,135,136,137,139,141,142,167,224,225,226,227,228,229,230,231,232,233,234,235,236,237,238,239
7bz2	R	39,40,41,42,43,44,45,46,47,48,49,50,51,52,53,54,55,56,57,58,59,106,107,108,109,110,111,112,113,114,115,116,117,118,119,120,121,122,123,124,125,126,127,128,129,130,131,132,133,134,135,136,152,153,154,155,156,157,158,159,160,161,162,163,165,167,168,201,273,274,275,276,277,278,279,280,281,282,283,284,285,286,287,288
7c2e	R	147,148,149,150,151,152,153,154,155,156,157,158,159,160,161,162,163,164,165,166,167,226,227,228,229,230,231,232,233,234,235,236,237,238,239,240,241,242,243,244,245,246,247,248,249,250,251,252,253,254,255,256,267,268,269,270,271,272,274,275,276,277,278,279,281,283,284,306,351,352,353,354,355,356,357,358,359,360,361,362,363,364,365,366
7cfm	R	20,21,22,23,24,25,26,27,28,29,30,31,32,33,34,35,36,37,38,39,40,85,86,87,88,89,90,91,92,93,94,95,96,97,98,99,100,101,102,103,104,105,106,107,108,109,110,111,112,113,114,115,126,127,128,129,130,131,132,133,134,135,136,137,139,141,142,167,224,225,226,227,228,229,230,231,232,233,234,235,236,237,238,239
7cfn	R	20,21,22,23,24,25,26,27,28,29,30,31,32,33,34,35,36,37,38,39,40,85,86,87,88,89,90,91,92,93,94,95,96,97,98,99,100,101,102,103,104,105,106,107,108,109,110,111,112,113,114,115,126,127,128,129,130,131,132,133,134,135,136,137,139,141,142,167,224,225,226,227,228,229,230,231,232,233,234,235,236,237,238,239
7ckw	R	29,30,31,32,33,34,35,36,37,38,39,40,41,42,43,44,45,46,47,48,49,96,97,98,99,100,101,102,103,104,105,106,107,108,109,110,111,112,113,114,115,116,117,118,119,120,121,122,123,124,125,126,142,143,144,145,146,147,148,149,150,151,152,153,155,157,158,196,272,273,274,275,276,277,278,279,280,281,282,283,284,285,286,287
7ckx	R	29,30,31,32,33,34,35,36,37,38,39,40,41,42,43,44,45,46,47,48,49,96,97,98,99,100,101,102,103,104,105,106,107,108,109,110,111,112,113,114,115,116,117,118,119,120,121,122,123,124,125,126,142,143,144,145,146,147,148,149,150,151,152,153,155,157,158,196,272,273,274,275,276,277,278,279,280,281,282,283,284,285,286,287
7cky	R	29,30,31,32,33,34,35,36,37,38,39,40,41,42,43,44,45,46,47,48,49,96,97,98,99,100,101,102,103,104,105,106,107,108,109,110,111,112,113,114,115,116,117,118,119,120,121,122,123,124,125,126,142,143,144,145,146,147,148,149,150,151,152,153,155,157,158,196,272,273,274,275,276,277,278,279,280,281,282,283,284,285,286,287
7ckz	R	29,30,31,32,33,34,35,36,37,38,39,40,41,42,43,44,45,46,47,48,49,96,97,98,99,100,101,102,103,104,105,106,107,108,109,110,111,112,113,114,115,116,117,118,119,120,121,122,123,124,125,126,142,143,144,145,146,147,148,149,150,151,152,153,155,157,158,196,272,273,274,275,276,277,278,279,280,281,282,283,284,285,286,287
7cmu	R	35,36,37,38,39,40,41,42,43,44,45,46,47,48,49,50,51,52,53,54,55,103,104,105,106,107,108,109,110,111,112,113,114,115,116,117,118,119,120,121,122,123,124,125,126,127,128,129,130,131,132,133,152,153,154,155,156,157,158,159,160,161,162,163,165,166,167,190,329,330,331,332,333,334,335,336,337,338,339,340,341,342,343,344
7cmv	R	35,36,37,38,39,40,41,42,43,44,45,46,47,48,49,50,51,52,53,54,55,103,104,105,106,107,108,109,110,111,112,113,114,115,116,117,118,119,120,121,122,123,124,125,126,127,128,129,130,131,132,133,152,153,154,155,156,157,158,159,160,161,162,163,165,166,167,190,329,330,331,332,333,334,335,336,337,338,339,340,341,342,343,344
7crh	R	29,30,31,32,33,34,35,36,37,38,39,40,41,42,43,44,45,46,47,48,49,96,97,98,99,100,101,102,103,104,105,106,107,108,109,110,111,112,113,114,115,116,117,118,119,120,121,122,123,124,125,126,142,143,144,145,146,147,148,149,150,151,152,153,155,157,158,196,272,273,274,275,276,277,278,279,280,281,282,283,284,285,286,287
7cx2	R	27,28,29,30,31,32,33,34,35,36,37,38,39,40,41,42,43,44,45,46,47,109,110,111,112,113,114,115,116,117,118,119,120,121,122,123,124,125,126,127,128,129,130,131,132,133,134,135,136,137,138,139,155,156,157,158,159,160,161,162,163,164,165,166,168,170,171,200,264,265,266,267,268,269,270,271,272,273,274,275,276,277,278,279
7cx3	R	27,28,29,30,31,32,33,34,35,36,37,38,39,40,41,42,43,44,45,46,47,109,110,111,112,113,114,115,116,117,118,119,120,121,122,123,124,125,126,127,128,129,130,131,132,133,134,135,136,137,138,139,155,156,157,158,159,160,161,162,163,164,165,166,168,170,171,200,264,265,266,267,268,269,270,271,272,273,274,275,276,277,278,279
7cx4	R	27,28,29,30,31,32,33,34,35,36,37,38,39,40,41,42,43,44,45,46,47,109,110,111,112,113,114,115,116,117,118,119,120,121,122,123,124,125,126,127,128,129,130,131,132,133,134,135,136,137,138,139,155,156,157,158,159,160,161,162,163,164,165,166,168,170,171,200,264,265,266,267,268,269,270,271,272,273,274,275,276,277,278,279
7cz5	R	132,133,134,135,136,137,138,139,140,141,142,143,144,145,146,147,148,149,150,151,152,202,203,204,205,206,207,208,209,210,211,212,213,214,215,216,217,218,219,220,221,222,223,224,225,226,227,228,229,230,231,232,243,244,245,246,247,248,250,251,252,253,254,255,257,259,260,282,329,330,331,332,333,334,335,336,337,338,339,340,341,342,343,344
7d3s	R	145,146,147,148,149,150,151,152,153,154,155,156,157,158,159,160,161,162,163,164,165,215,216,217,218,219,220,221,222,223,224,225,226,227,228,229,230,231,232,233,234,235,236,237,238,239,240,241,242,243,244,245,256,257,258,259,260,261,263,264,265,266,267,268,270,272,273,295,342,343,344,345,346,347,348,349,350,351,352,353,354,355,356,357
7d68	R	181,182,183,184,185,186,187,188,189,190,191,192,193,194,195,196,197,198,199,200,201,260,261,262,263,264,265,266,267,268,269,270,271,272,273,274,275,276,277,278,279,280,281,282,283,284,285,286,287,288,289,290,301,302,303,304,305,306,308,309,310,311,312,313,315,317,318,340,385,386,387,388,389,390,391,392,393,394,395,396,397,398,399,400
7d76	R	271,272,273,274,275,276,277,278,279,280,281,282,283,284,285,286,287,288,289,290,291,338,339,340,341,342,343,344,345,346,347,348,349,350,351,352,353,354,355,356,357,358,359,360,361,362,363,364,365,366,367,368,380,381,382,383,384,385,387,388,389,390,391,392,394,396,397,432,477,478,479,480,481,482,483,484,485,486,487,488,489,490,491,492
7d77	R	271,272,273,274,275,276,277,278,279,280,281,282,283,284,285,286,287,288,289,290,291,338,339,340,341,342,343,344,345,346,347,348,349,350,351,352,353,354,355,356,357,358,359,360,361,362,363,364,365,366,367,368,380,381,382,383,384,385,387,388,389,390,391,392,394,396,397,432,477,478,479,480,481,482,483,484,485,486,487,488,489,490,491,492
7d7m	A	23,24,25,26,27,28,29,30,31,32,33,34,35,36,37,38,39,40,41,42,43,92,93,94,95,96,97,98,99,100,101,102,103,104,105,106,107,108,109,110,111,112,113,114,115,116,117,118,119,120,121,122,138,139,140,141,142,143,144,145,146,147,148,149,151,153,154,186,272,273,274,275,276,277,278,279,280,281,282,283,284,285,286,287
7db6	D	33,34,35,36,37,38,39,40,41,42,43,44,45,46,47,48,49,50,51,52,53,100,101,102,103,104,105,106,107,108,109,110,111,112,113,114,115,116,117,118,119,120,121,122,123,124,125,126,127,128,129,130,146,147,148,149,150,151,152,153,154,155,156,157,159,160,161,189,238,239,240,241,242,243,244,245,246,247,248,249,250,251,252,253
7dfl	R	33,34,35,36,37,38,39,40,41,42,43,44,45,46,47,48,49,50,51,52,53,100,101,102,103,104,105,106,107,108,109,110,111,112,113,114,115,116,117,118,119,120,121,122,123,124,125,126,127,128,129,130,146,147,148,149,150,151,152,153,154,155,156,157,158,160,161,192,415,416,417,418,419,420,421,422,423,424,425,426,427,428,429,430
7dh5	R	43,44,45,46,47,48,49,50,51,52,53,54,55,56,57,58,59,60,61,62,63,110,111,112,113,114,115,116,117,118,119,120,121,122,123,124,125,126,127,128,129,130,131,132,133,134,135,136,137,138,139,140,156,157,158,159,160,161,162,163,164,165,166,167,169,171,172,206,292,293,294,295,296,297,298,299,300,301,302,303,304,305,306,307
7dhi	R	39,40,41,42,43,44,45,46,47,48,49,50,51,52,53,54,55,56,57,58,59,106,107,108,109,110,111,112,113,114,115,116,117,118,119,120,121,122,123,124,125,126,127,128,129,130,131,132,133,134,135,136,152,153,154,155,156,157,158,159,160,161,162,163,165,167,168,201,273,274,275,276,277,278,279,280,281,282,283,284,285,286,287,288
7dhr	R	39,40,41,42,43,44,45,46,47,48,49,50,51,52,53,54,55,56,57,58,59,106,107,108,109,110,111,112,113,114,115,116,117,118,119,120,121,122,123,124,125,126,127,128,129,130,131,132,133,134,135,136,152,153,154,155,156,157,158,159,160,161,162,163,165,167,168,201,273,274,275,276,277,278,279,280,281,282,283,284,285,286,287,288
7dty	R	140,141,142,143,144,145,146,147,148,149,150,151,152,153,154,155,156,157,158,159,160,216,217,218,219,220,221,222,223,224,225,226,227,228,229,230,231,232,233,234,235,236,237,238,239,240,241,242,243,244,245,246,257,258,259,260,261,262,264,265,266,267,268,269,271,273,274,296,341,342,343,344,345,346,347,348,349,350,351,352,353,354,355,356
7duq	R	147,148,149,150,151,152,153,154,155,156,157,158,159,160,161,162,163,164,165,166,167,226,227,228,229,230,231,232,233,234,235,236,237,238,239,240,241,242,243,244,245,246,247,248,249,250,251,252,253,254,255,256,267,268,269,270,271,272,274,275,276,277,278,279,281,283,284,306,351,352,353,354,355,356,357,358,359,360,361,362,363,364,365,366
7dur	R	147,148,149,150,151,152,153,154,155,156,157,158,159,160,161,162,163,164,165,166,167,226,227,228,229,230,231,232,233,234,235,236,237,238,239,240,241,242,243,244,245,246,247,248,249,250,251,252,253,254,255,256,267,268,269,270,271,272,274,275,276,277,278,279,281,283,284,306,351,352,353,354,355,356,357,358,359,360,361,362,363,364,365,366
7dw9	R	43,44,45,46,47,48,49,50,51,52,53,54,55,56,57,58,59,60,61,62,63,112,113,114,115,116,117,118,119,120,121,122,123,124,125,126,127,128,129,130,131,132,133,134,135,136,137,138,139,140,141,142,158,159,160,161,162,163,164,165,166,167,168,169,171,172,173,207,271,272,273,274,275,276,277,278,279,280,281,282,283,284,285,286
7e14	R	147,148,149,150,151,152,153,154,155,156,157,158,159,160,161,162,163,164,165,166,167,226,227,228,229,230,231,232,233,234,235,236,237,238,239,240,241,242,243,244,245,246,247,248,249,250,251,252,253,254,255,256,267,268,269,270,271,272,274,275,276,277,278,279,281,283,284,306,351,352,353,354,355,356,357,358,359,360,361,362,363,364,365,366
7e2x	R	42,43,44,45,46,47,48,49,50,51,52,53,54,55,56,57,58,59,60,61,62,109,110,111,112,113,114,115,116,117,118,119,120,121,122,123,124,125,126,127,128,129,130,131,132,133,134,135,136,137,138,139,155,156,157,158,159,160,161,162,163,164,165,166,168,170,171,197,345,346,347,348,349,350,351,352,353,354,355,356,357,358,359,360
7e2y	R	42,43,44,45,46,47,48,49,50,51,52,53,54,55,56,57,58,59,60,61,62,109,110,111,112,113,114,115,116,117,118,119,120,121,122,123,124,125,126,127,128,129,130,131,132,133,134,135,136,137,138,139,155,156,157,158,159,160,161,162,163,164,165,166,168,170,171,197,345,346,347,348,349,350,351,352,353,354,355,356,357,358,359,360
7e2z	R	42,43,44,45,46,47,48,49,50,51,52,53,54,55,56,57,58,59,60,61,62,109,110,111,112,113,114,115,116,117,118,119,120,121,122,123,124,125,126,127,128,129,130,131,132,133,134,135,136,137,138,139,155,156,157,158,159,160,161,162,163,164,165,166,168,170,171,197,345,346,347,348,349,350,351,352,353,354,355,356,357,358,359,360
7e32	R	44,45,46,47,48,49,50,51,52,53,54,55,56,57,58,59,60,61,62,63,64,111,112,113,114,115,116,117,118,119,120,121,122,123,124,125,126,127,128,129,130,131,132,133,134,135,136,137,138,139,140,141,157,158,159,160,161,162,163,164,165,166,167,168,170,172,173,199,301,302,303,304,305,306,307,308,309,310,311,312,313,314,315,316
7e33	R	28,29,30,31,32,33,34,35,36,37,38,39,40,41,42,43,44,45,46,47,48,95,96,97,98,99,100,101,102,103,104,105,106,107,108,109,110,111,112,113,114,115,116,117,118,119,120,121,122,123,124,125,141,142,143,144,145,146,147,148,149,150,151,152,154,156,157,184,291,292,293,294,295,296,297,298,299,300,301,302,303,304,305,306
7e9g	R	570,571,572,573,574,575,576,577,578,579,580,581,582,583,584,585,586,587,588,589,590,632,633,634,635,636,637,638,639,640,641,642,643,644,645,646,647,648,649,650,651,652,653,654,655,656,657,658,659,660,661,662,681,682,683,684,685,686,687,688,689,690,691,692,694,696,697,729,760,761,762,763,764,765,766,767,768,769,770,771,772,773,774,775
7e9h	R	590,591,592,593,594,595,596,597,598,599,600,601,602,603,604,605,606,607,608,609,610,652,653,654,655,656,657,658,659,660,661,662,663,664,665,666,667,668,669,670,671,672,673,674,675,676,677,678,679,680,681,682,701,702,703,704,705,706,707,708,709,710,711,712,714,716,717,754,785,786,787,788,789,790,791,792,793,794,795,796,797,798,799,800
7eb2	D	484,485,486,487,488,489,490,491,492,493,494,495,496,497,498,499,500,501,502,503,504,553,554,555,556,557,558,559,560,561,562,563,564,565,566,567,568,569,570,571,572,573,574,575,576,577,578,579,580,581,582,583,599,600,601,602,603,604,605,606,607,608,609,610,612,614,615,658,690,691,692,693,694,695,696,697,698,699,700,701,702,703,704,705
7ej0	R	54,55,56,57,58,59,60,61,62,63,64,65,66,67,68,69,70,71,72,73,74,121,122,123,124,125,126,127,128,129,130,131,132,133,134,135,136,137,138,139,140,141,142,143,144,145,146,147,148,149,150,151,167,168,169,170,171,172,173,174,175,176,177,178,180,182,183,213,389,390,391,392,393,394,395,396,397,398,399,400,401,402,403,404
7ej8	R	54,55,56,57,58,59,60,61,62,63,64,65,66,67,68,69,70,71,72,73,74,121,122,123,124,125,126,127,128,129,130,131,132,133,134,135,136,137,138,139,140,141,142,143,144,145,146,147,148,149,150,151,167,168,169,170,171,172,173,174,175,176,177,178,180,182,183,213,389,390,391,392,393,394,395,396,397,398,399,400,401,402,403,404
7eja	R	54,55,56,57,58,59,60,61,62,63,64,65,66,67,68,69,70,71,72,73,74,121,122,123,124,125,126,127,128,129,130,131,132,133,134,135,136,137,138,139,140,141,142,143,144,145,146,147,148,149,150,151,167,168,169,170,171,172,173,174,175,176,177,178,180,182,183,213,389,390,391,392,393,394,395,396,397,398,399,400,401,402,403,404
7ejk	R	54,55,56,57,58,59,60,61,62,63,64,65,66,67,68,69,70,71,72,73,74,121,122,123,124,125,126,127,128,129,130,131,132,133,134,135,136,137,138,139,140,141,142,143,144,145,146,147,148,149,150,151,167,168,169,170,171,172,173,174,175,176,177,178,180,182,183,213,389,390,391,392,393,394,395,396,397,398,399,400,401,402,403,404
7ejx	R	37,38,39,40,41,42,43,44,45,46,47,48,49,50,51,52,53,54,55,56,57,113,114,115,116,117,118,119,120,121,122,123,124,125,126,127,128,129,130,131,132,133,134,135,136,137,138,139,140,141,142,143,160,161,162,163,164,165,166,167,168,169,170,171,173,175,176,228,284,285,286,287,288,289,290,291,292,293,294,295,296,297,298,299
7eo2	A	51,52,53,54,55,56,57,58,59,60,61,62,63,64,65,66,67,68,69,70,71,117,118,119,120,121,122,123,124,125,126,127,128,129,130,131,132,133,134,135,136,137,138,139,140,141,142,143,144,145,146,147,162,163,164,165,166,167,168,169,170,171,172,173,175,177,178,204,256,257,258,259,260,261,262,263,264,265,266,267,268,269,270,271
7eo4	A	51,52,53,54,55,56,57,58,59,60,61,62,63,64,65,66,67,68,69,70,71,117,118,119,120,121,122,123,124,125,126,127,128,129,130,131,132,133,134,135,136,137,138,139,140,141,142,143,144,145,146,147,162,163,164,165,166,167,168,169,170,171,172,173,175,177,178,204,256,257,258,259,260,261,262,263,264,265,266,267,268,269,270,271
7euo	R	32,33,34,35,36,37,38,39,40,41,42,43,44,45,46,47,48,49,50,51,52,98,99,100,101,102,103,104,105,106,107,108,109,110,111,112,113,114,115,116,117,118,119,120,121,122,123,124,125,126,127,128,144,145,146,147,148,149,150,151,152,153,154,155,157,158,159,203,241,242,243,244,245,246,247,248,249,250,251,252,253,254,255,256
7evm	R	147,148,149,150,151,152,153,154,155,156,157,158,159,160,161,162,163,164,165,166,167,226,227,228,229,230,231,232,233,234,235,236,237,238,239,240,241,242,243,244,245,246,247,248,249,250,251,252,253,254,255,256,267,268,269,270,271,272,274,275,276,277,278,279,281,283,284,306,351,352,353,354,355,356,357,358,359,360,361,362,363,364,365,366
7evw	R	256,257,258,259,260,261,262,263,264,265,266,267,268,269,270,271,272,273,274,275,276,336,337,338,339,340,341,342,343,344,345,346,347,348,349,350,351,352,353,354,355,356,357,358,359,360,361,362,363,364,365,366,380,381,382,383,384,385,386,387,388,389,390,391,393,395,396,422,469,470,471,472,473,474,475,476,477,478,479,480,481,482,483,484
7evy	D	51,52,53,54,55,56,57,58,59,60,61,62,63,64,65,66,67,68,69,70,71,117,118,119,120,121,122,123,124,125,126,127,128,129,130,131,132,133,134,135,136,137,138,139,140,141,142,143,144,145,146,147,162,163,164,165,166,167,168,169,170,171,172,173,175,177,178,204,256,257,258,259,260,261,262,263,264,265,266,267,268,269,270,271
7evz	D	51,52,53,54,55,56,57,58,59,60,61,62,63,64,65,66,67,68,69,70,71,117,118,119,120,121,122,123,124,125,126,127,128,129,130,131,132,133,134,135,136,137,138,139,140,141,142,143,144,145,146,147,162,163,164,165,166,167,168,169,170,171,172,173,175,177,178,204,256,257,258,259,260,261,262,263,264,265,266,267,268,269,270,271
7ew0	D	51,52,53,54,55,56,57,58,59,60,61,62,63,64,65,66,67,68,69,70,71,117,118,119,120,121,122,123,124,125,126,127,128,129,130,131,132,133,134,135,136,137,138,139,140,141,142,143,144,145,146,147,162,163,164,165,166,167,168,169,170,171,172,173,175,177,178,204,256,257,258,259,260,261,262,263,264,265,266,267,268,269,270,271
7ew1	A	42,43,44,45,46,47,48,49,50,51,52,53,54,55,56,57,58,59,60,61,62,108,109,110,111,112,113,114,115,116,117,118,119,120,121,122,123,124,125,126,127,128,129,130,131,132,133,134,135,136,137,138,153,154,155,156,157,158,159,160,161,162,163,164,166,168,169,195,251,252,253,254,255,256,257,258,259,260,261,262,263,264,265,266
7ew2	R	45,46,47,48,49,50,51,52,53,54,55,56,57,58,59,60,61,62,63,64,65,111,112,113,114,115,116,117,118,119,120,121,122,123,124,125,126,127,128,129,130,131,132,133,134,135,136,137,138,139,140,141,156,157,158,159,160,161,162,163,164,165,166,167,169,171,172,198,243,244,245,246,247,248,249,250,251,252,253,254,255,256,257,258
7ew3	R	45,46,47,48,49,50,51,52,53,54,55,56,57,58,59,60,61,62,63,64,65,111,112,113,114,115,116,117,118,119,120,121,122,123,124,125,126,127,128,129,130,131,132,133,134,135,136,137,138,139,140,141,156,157,158,159,160,161,162,163,164,165,166,167,169,171,172,198,243,244,245,246,247,248,249,250,251,252,253,254,255,256,257,258
7ew4	R	45,46,47,48,49,50,51,52,53,54,55,56,57,58,59,60,61,62,63,64,65,111,112,113,114,115,116,117,118,119,120,121,122,123,124,125,126,127,128,129,130,131,132,133,134,135,136,137,138,139,140,141,156,157,158,159,160,161,162,163,164,165,166,167,169,171,172,198,243,244,245,246,247,248,249,250,251,252,253,254,255,256,257,258
7ew7	D	51,52,53,54,55,56,57,58,59,60,61,62,63,64,65,66,67,68,69,70,71,117,118,119,120,121,122,123,124,125,126,127,128,129,130,131,132,133,134,135,136,137,138,139,140,141,142,143,144,145,146,147,162,163,164,165,166,167,168,169,170,171,172,173,175,177,178,204,256,257,258,259,260,261,262,263,264,265,266,267,268,269,270,271
7exd	R	29,30,31,32,33,34,35,36,37,38,39,40,41,42,43,44,45,46,47,48,49,96,97,98,99,100,101,102,103,104,105,106,107,108,109,110,111,112,113,114,115,116,117,118,119,120,121,122,123,124,125,126,142,143,144,145,146,147,148,149,150,151,152,153,155,157,158,183,293,294,295,296,297,298,299,300,301,302,303,304,305,306,307,308
7ezh	D	47,48,49,50,51,52,53,54,55,56,57,58,59,60,61,62,63,64,65,66,67,114,115,116,117,118,119,120,121,122,123,124,125,126,127,128,129,130,131,132,133,134,135,136,137,138,139,140,141,142,143,144,160,161,162,163,164,165,166,167,168,169,170,171,173,174,175,211,313,314,315,316,317,318,319,320,321,322,323,324,325,326,327,328
7ezk	D	47,48,49,50,51,52,53,54,55,56,57,58,59,60,61,62,63,64,65,66,67,114,115,116,117,118,119,120,121,122,123,124,125,126,127,128,129,130,131,132,133,134,135,136,137,138,139,140,141,142,143,144,160,161,162,163,164,165,166,167,168,169,170,171,173,174,175,211,313,314,315,316,317,318,319,320,321,322,323,324,325,326,327,328
7ezm	D	47,48,49,50,51,52,53,54,55,56,57,58,59,60,61,62,63,64,65,66,67,114,115,116,117,118,119,120,121,122,123,124,125,126,127,128,129,130,131,132,133,134,135,136,137,138,139,140,141,142,143,144,160,161,162,163,164,165,166,167,168,169,170,171,173,174,175,211,313,314,315,316,317,318,319,320,321,322,323,324,325,326,327,328
7f16	R	147,148,149,150,151,152,153,154,155,156,157,158,159,160,161,162,163,164,165,166,167,236,237,238,239,240,241,242,243,244,245,246,247,248,249,250,251,252,253,254,255,256,257,258,259,260,261,262,263,264,265,266,277,278,279,280,281,282,284,285,286,287,288,289,291,293,294,315,363,364,365,366,367,368,369,370,371,372,373,374,375,376,377,378
7f1q	R	132,133,134,135,136,137,138,139,140,141,142,143,144,145,146,147,148,149,150,151,152,197,198,199,200,201,202,203,204,205,206,207,208,209,210,211,212,213,214,215,216,217,218,219,220,221,222,223,224,225,226,227,243,244,245,246,247,248,249,250,251,252,253,254,256,257,258,292,331,332,333,334,335,336,337,338,339,340,341,342,343,344,345,346
7f1r	R	131,132,133,134,135,136,137,138,139,140,141,142,143,144,145,146,147,148,149,150,151,196,197,198,199,200,201,202,203,204,205,206,207,208,209,210,211,212,213,214,215,216,217,218,219,220,221,222,223,224,225,226,242,243,244,245,246,247,248,249,250,251,252,253,255,256,257,291,330,331,332,333,334,335,336,337,338,339,340,341,342,343,344,345
7f1s	R	36,37,38,39,40,41,42,43,44,45,46,47,48,49,50,51,52,53,54,55,56,101,102,103,104,105,106,107,108,109,110,111,112,113,114,115,116,117,118,119,120,121,122,123,124,125,126,127,128,129,130,131,147,148,149,150,151,152,153,154,155,156,157,158,160,161,162,196,235,236,237,238,239,240,241,242,243,244,245,246,247,248,249,250
7f4d	R	44,45,46,47,48,49,50,51,52,53,54,55,56,57,58,59,60,61,62,63,64,117,118,119,120,121,122,123,124,125,126,127,128,129,130,131,132,133,134,135,136,137,138,139,140,141,142,143,144,145,146,147,163,164,165,166,167,168,169,170,171,172,173,174,176,178,179,190,241,242,243,244,245,246,247,248,249,250,251,252,253,254,255,256
7f4f	R	44,45,46,47,48,49,50,51,52,53,54,55,56,57,58,59,60,61,62,63,64,117,118,119,120,121,122,123,124,125,126,127,128,129,130,131,132,133,134,135,136,137,138,139,140,141,142,143,144,145,146,147,163,164,165,166,167,168,169,170,171,172,173,174,176,178,179,190,241,242,243,244,245,246,247,248,249,250,251,252,253,254,255,256
7f4h	R	44,45,46,47,48,49,50,51,52,53,54,55,56,57,58,59,60,61,62,63,64,117,118,119,120,121,122,123,124,125,126,127,128,129,130,131,132,133,134,135,136,137,138,139,140,141,142,143,144,145,146,147,163,164,165,166,167,168,169,170,171,172,173,174,176,178,179,190,241,242,243,244,245,246,247,248,249,250,251,252,253,254,255,256
7f4i	R	44,45,46,47,48,49,50,51,52,53,54,55,56,57,58,59,60,61,62,63,64,117,118,119,120,121,122,123,124,125,126,127,128,129,130,131,132,133,134,135,136,137,138,139,140,141,142,143,144,145,146,147,163,164,165,166,167,168,169,170,171,172,173,174,176,178,179,190,241,242,243,244,245,246,247,248,249,250,251,252,253,254,255,256
7f53	R	50,51,52,53,54,55,56,57,58,59,60,61,62,63,64,65,66,67,68,69,70,122,123,124,125,126,127,128,129,130,131,132,133,134,135,136,137,138,139,140,141,142,143,144,145,146,147,148,149,150,151,152,168,169,170,171,172,173,174,175,176,177,178,179,181,183,184,195,245,246,247,248,249,250,251,252,253,254,255,256,257,258,259,260
7f54	R	50,51,52,53,54,55,56,57,58,59,60,61,62,63,64,65,66,67,68,69,70,122,123,124,125,126,127,128,129,130,131,132,133,134,135,136,137,138,139,140,141,142,143,144,145,146,147,148,149,150,151,152,168,169,170,171,172,173,174,175,176,177,178,179,181,183,184,195,245,246,247,248,249,250,251,252,253,254,255,256,257,258,259,260
7f55	R	50,51,52,53,54,55,56,57,58,59,60,61,62,63,64,65,66,67,68,69,70,122,123,124,125,126,127,128,129,130,131,132,133,134,135,136,137,138,139,140,141,142,143,144,145,146,147,148,149,150,151,152,168,169,170,171,172,173,174,175,176,177,178,179,181,183,184,195,245,246,247,248,249,250,251,252,253,254,255,256,257,258,259,260
7f58	R	50,51,52,53,54,55,56,57,58,59,60,61,62,63,64,65,66,67,68,69,70,122,123,124,125,126,127,128,129,130,131,132,133,134,135,136,137,138,139,140,141,142,143,144,145,146,147,148,149,150,151,152,168,169,170,171,172,173,174,175,176,177,178,179,181,183,184,195,245,246,247,248,249,250,251,252,253,254,255,256,257,258,259,260
7f8v	R	60,61,62,63,64,65,66,67,68,69,70,71,72,73,74,75,76,77,78,79,80,127,128,129,130,131,132,133,134,135,136,137,138,139,140,141,142,143,144,145,146,147,148,149,150,151,152,153,154,155,156,157,173,174,175,176,177,178,179,180,181,182,183,184,186,187,188,220,333,334,335,336,337,338,339,340,341,342,343,344,345,346,347,348
7f8w	R	60,61,62,63,64,65,66,67,68,69,70,71,72,73,74,75,76,77,78,79,80,127,128,129,130,131,132,133,134,135,136,137,138,139,140,141,142,143,144,145,146,147,148,149,150,151,152,153,154,155,156,157,173,174,175,176,177,178,179,180,181,182,183,184,186,187,188,220,333,334,335,336,337,338,339,340,341,342,343,344,345,346,347,348
7fim	R	147,148,149,150,151,152,153,154,155,156,157,158,159,160,161,162,163,164,165,166,167,226,227,228,229,230,231,232,233,234,235,236,237,238,239,240,241,242,243,244,245,246,247,248,249,250,251,252,253,254,255,256,267,268,269,270,271,272,274,275,276,277,278,279,281,283,284,306,351,352,353,354,355,356,357,358,359,360,361,362,363,364,365,366
7fin	R	140,141,142,143,144,145,146,147,148,149,150,151,152,153,154,155,156,157,158,159,160,216,217,218,219,220,221,222,223,224,225,226,227,228,229,230,231,232,233,234,235,236,237,238,239,240,241,242,243,244,245,246,257,258,259,260,261,262,264,265,266,267,268,269,271,273,274,296,341,342,343,344,345,346,347,348,349,350,351,352,353,354,355,356
7fiy	R	140,141,142,143,144,145,146,147,148,149,150,151,152,153,154,155,156,157,158,159,160,216,217,218,219,220,221,222,223,224,225,226,227,228,229,230,231,232,233,234,235,236,237,238,239,240,241,242,243,244,245,246,257,258,259,260,261,262,264,265,266,267,268,269,271,273,274,296,341,342,343,344,345,346,347,348,349,350,351,352,353,354,355,356
7jjo	R	64,65,66,67,68,69,70,71,72,73,74,75,76,77,78,79,80,81,82,83,84,131,132,133,134,135,136,137,138,139,140,141,142,143,144,145,146,147,148,149,150,151,152,153,154,155,156,157,158,159,160,161,177,178,179,180,181,182,183,184,185,186,187,188,190,192,193,226,324,325,326,327,328,329,330,331,332,333,334,335,336,337,338,339
7joz	R	29,30,31,32,33,34,35,36,37,38,39,40,41,42,43,44,45,46,47,48,49,96,97,98,99,100,101,102,103,104,105,106,107,108,109,110,111,112,113,114,115,116,117,118,119,120,121,122,123,124,125,126,142,143,144,145,146,147,148,149,150,151,152,153,155,157,158,196,272,273,274,275,276,277,278,279,280,281,282,283,284,285,286,287
7jv5	R	29,30,31,32,33,34,35,36,37,38,39,40,41,42,43,44,45,46,47,48,49,96,97,98,99,100,101,102,103,104,105,106,107,108,109,110,111,112,113,114,115,116,117,118,119,120,121,122,123,124,125,126,142,143,144,145,146,147,148,149,150,151,152,153,155,157,158,196,272,273,274,275,276,277,278,279,280,281,282,283,284,285,286,287
7jvp	R	29,30,31,32,33,34,35,36,37,38,39,40,41,42,43,44,45,46,47,48,49,96,97,98,99,100,101,102,103,104,105,106,107,108,109,110,111,112,113,114,115,116,117,118,119,120,121,122,123,124,125,126,142,143,144,145,146,147,148,149,150,151,152,153,155,157,158,196,272,273,274,275,276,277,278,279,280,281,282,283,284,285,286,287
7jvq	R	29,30,31,32,33,34,35,36,37,38,39,40,41,42,43,44,45,46,47,48,49,96,97,98,99,100,101,102,103,104,105,106,107,108,109,110,111,112,113,114,115,116,117,118,119,120,121,122,123,124,125,126,142,143,144,145,146,147,148,149,150,151,152,153,155,157,158,196,272,273,274,275,276,277,278,279,280,281,282,283,284,285,286,287
7jvr	R	40,41,42,43,44,45,46,47,48,49,50,51,52,53,54,55,56,57,58,59,60,107,108,109,110,111,112,113,114,115,116,117,118,119,120,121,122,123,124,125,126,127,128,129,130,131,132,133,134,135,136,137,154,155,156,157,158,159,160,161,162,163,164,165,167,168,169,191,373,374,375,376,377,378,379,380,381,382,383,384,385,386,387,388
7kh0	R	43,44,45,46,47,48,49,50,51,52,53,54,55,56,57,58,59,60,61,62,63,112,113,114,115,116,117,118,119,120,121,122,123,124,125,126,127,128,129,130,131,132,133,134,135,136,137,138,139,140,141,142,158,159,160,161,162,163,164,165,166,167,168,169,171,172,173,207,271,272,273,274,275,276,277,278,279,280,281,282,283,284,285,286
7ki0	R	147,148,149,150,151,152,153,154,155,156,157,158,159,160,161,162,163,164,165,166,167,226,227,228,229,230,231,232,233,234,235,236,237,238,239,240,241,242,243,244,245,246,247,248,249,250,251,252,253,254,255,256,267,268,269,270,271,272,274,275,276,277,278,279,281,283,284,306,351,352,353,354,355,356,357,358,359,360,361,362,363,364,365,366
7ki1	R	147,148,149,150,151,152,153,154,155,156,157,158,159,160,161,162,163,164,165,166,167,226,227,228,229,230,231,232,233,234,235,236,237,238,239,240,241,242,243,244,245,246,247,248,249,250,251,252,253,254,255,256,267,268,269,270,271,272,274,275,276,277,278,279,281,283,284,306,351,352,353,354,355,356,357,358,359,360,361,362,363,364,365,366
7l0p	C	70,71,72,73,74,75,76,77,78,79,80,81,82,83,84,85,86,87,88,89,90,142,143,144,145,146,147,148,149,150,151,152,153,154,155,156,157,158,159,160,161,162,163,164,165,166,167,168,169,170,171,172,188,189,190,191,192,193,194,195,196,197,198,199,201,202,203,239,308,309,310,311,312,313,314,315,316,317,318,319,320,321,322,323
7l0q	C	70,71,72,73,74,75,76,77,78,79,80,81,82,83,84,85,86,87,88,89,90,142,143,144,145,146,147,148,149,150,151,152,153,154,155,156,157,158,159,160,161,162,163,164,165,166,167,168,169,170,171,172,188,189,190,191,192,193,194,195,196,197,198,199,201,202,203,239,308,309,310,311,312,313,314,315,316,317,318,319,320,321,322,323
7l0r	C	70,71,72,73,74,75,76,77,78,79,80,81,82,83,84,85,86,87,88,89,90,142,143,144,145,146,147,148,149,150,151,152,153,154,155,156,157,158,159,160,161,162,163,164,165,166,167,168,169,170,171,172,188,189,190,191,192,193,194,195,196,197,198,199,201,202,203,239,308,309,310,311,312,313,314,315,316,317,318,319,320,321,322,323
7l0s	C	70,71,72,73,74,75,76,77,78,79,80,81,82,83,84,85,86,87,88,89,90,142,143,144,145,146,147,148,149,150,151,152,153,154,155,156,157,158,159,160,161,162,163,164,165,166,167,168,169,170,171,172,188,189,190,191,192,193,194,195,196,197,198,199,201,202,203,239,308,309,310,311,312,313,314,315,316,317,318,319,320,321,322,323
7lci	R	147,148,149,150,151,152,153,154,155,156,157,158,159,160,161,162,163,164,165,166,167,226,227,228,229,230,231,232,233,234,235,236,237,238,239,240,241,242,243,244,245,246,247,248,249,250,251,252,253,254,255,256,267,268,269,270,271,272,274,275,276,277,278,279,281,283,284,306,351,352,353,354,355,356,357,358,359,360,361,362,363,364,365,366
7ld3	R	15,16,17,18,19,20,21,22,23,24,25,26,27,28,29,30,31,32,33,34,35,80,81,82,83,84,85,86,87,88,89,90,91,92,93,94,95,96,97,98,99,100,101,102,103,104,105,106,107,108,109,110,126,127,128,129,130,131,132,133,134,135,136,137,139,141,142,181,234,235,236,237,238,239,240,241,242,243,244,245,246,247,248,249
7ld4	R	15,16,17,18,19,20,21,22,23,24,25,26,27,28,29,30,31,32,33,34,35,80,81,82,83,84,85,86,87,88,89,90,91,92,93,94,95,96,97,98,99,100,101,102,103,104,105,106,107,108,109,110,126,127,128,129,130,131,132,133,134,135,136,137,139,141,142,181,234,235,236,237,238,239,240,241,242,243,244,245,246,247,248,249
7ljc	R	29,30,31,32,33,34,35,36,37,38,39,40,41,42,43,44,45,46,47,48,49,96,97,98,99,100,101,102,103,104,105,106,107,108,109,110,111,112,113,114,115,116,117,118,119,120,121,122,123,124,125,126,142,143,144,145,146,147,148,149,150,151,152,153,155,157,158,196,272,273,274,275,276,277,278,279,280,281,282,283,284,285,286,287
7ljd	R	29,30,31,32,33,34,35,36,37,38,39,40,41,42,43,44,45,46,47,48,49,96,97,98,99,100,101,102,103,104,105,106,107,108,109,110,111,112,113,114,115,116,117,118,119,120,121,122,123,124,125,126,142,143,144,145,146,147,148,149,150,151,152,153,155,157,158,196,272,273,274,275,276,277,278,279,280,281,282,283,284,285,286,287
7lll	R	147,148,149,150,151,152,153,154,155,156,157,158,159,160,161,162,163,164,165,166,167,226,227,228,229,230,231,232,233,234,235,236,237,238,239,240,241,242,243,244,245,246,247,248,249,250,251,252,253,254,255,256,267,268,269,270,271,272,274,275,276,277,278,279,281,283,284,306,351,352,353,354,355,356,357,358,359,360,361,362,363,364,365,366
7lly	R	147,148,149,150,151,152,153,154,155,156,157,158,159,160,161,162,163,164,165,166,167,226,227,228,229,230,231,232,233,234,235,236,237,238,239,240,241,242,243,244,245,246,247,248,249,250,251,252,253,254,255,256,267,268,269,270,271,272,274,275,276,277,278,279,281,283,284,306,351,352,353,354,355,356,357,358,359,360,361,362,363,364,365,366
7mbx	R	47,48,49,50,51,52,53,54,55,56,57,58,59,60,61,62,63,64,65,66,67,114,115,116,117,118,119,120,121,122,123,124,125,126,127,128,129,130,131,132,133,134,135,136,137,138,139,140,141,142,143,144,160,161,162,163,164,165,166,167,168,169,170,171,173,174,175,211,313,314,315,316,317,318,319,320,321,322,323,324,325,326,327,328
7mby	R	47,48,49,50,51,52,53,54,55,56,57,58,59,60,61,62,63,64,65,66,67,114,115,116,117,118,119,120,121,122,123,124,125,126,127,128,129,130,131,132,133,134,135,136,137,138,139,140,141,142,143,144,160,161,162,163,164,165,166,167,168,169,170,171,173,174,175,211,313,314,315,316,317,318,319,320,321,322,323,324,325,326,327,328
7mts	A	570,571,572,573,574,575,576,577,578,579,580,581,582,583,584,585,586,587,588,589,590,632,633,634,635,636,637,638,639,640,641,642,643,644,645,646,647,648,649,650,651,652,653,654,655,656,657,658,659,660,661,662,681,682,683,684,685,686,687,688,689,690,691,692,694,696,697,729,760,761,762,763,764,765,766,767,768,769,770,771,772,773,774,775
7na7	R	49,50,51,52,53,54,55,56,57,58,59,60,61,62,63,64,65,66,67,68,69,116,117,118,119,120,121,122,123,124,125,126,127,128,129,130,131,132,133,134,135,136,137,138,139,140,141,142,143,144,145,146,162,163,164,165,166,167,168,169,170,171,172,173,175,176,177,215,263,264,265,266,267,268,269,270,271,272,273,274,275,276,277,278
7na8	R	49,50,51,52,53,54,55,56,57,58,59,60,61,62,63,64,65,66,67,68,69,116,117,118,119,120,121,122,123,124,125,126,127,128,129,130,131,132,133,134,135,136,137,138,139,140,141,142,143,144,145,146,162,163,164,165,166,167,168,169,170,171,172,173,175,176,177,215,263,264,265,266,267,268,269,270,271,272,273,274,275,276,277,278
7o7f	C	36,37,38,39,40,41,42,43,44,45,46,47,48,49,50,51,52,53,54,55,56,101,102,103,104,105,106,107,108,109,110,111,112,113,114,115,116,117,118,119,120,121,122,123,124,125,126,127,128,129,130,131,147,148,149,150,151,152,153,154,155,156,157,158,160,161,162,196,235,236,237,238,239,240,241,242,243,244,245,246,247,248,249,250
7p02	R	38,39,40,41,42,43,44,45,46,47,48,49,50,51,52,53,54,55,56,57,58,105,106,107,108,109,110,111,112,113,114,115,116,117,118,119,120,121,122,123,124,125,126,127,128,129,130,131,132,133,134,135,149,150,151,152,153,154,155,156,157,158,159,160,162,163,164,198,248,249,250,251,252,253,254,255,256,257,258,259,260,261,262,263
7piu	R	50,51,52,53,54,55,56,57,58,59,60,61,62,63,64,65,66,67,68,69,70,122,123,124,125,126,127,128,129,130,131,132,133,134,135,136,137,138,139,140,141,142,143,144,145,146,147,148,149,150,151,152,168,169,170,171,172,173,174,175,176,177,178,179,181,183,184,195,245,246,247,248,249,250,251,252,253,254,255,256,257,258,259,260
7piv	R	50,51,52,53,54,55,56,57,58,59,60,61,62,63,64,65,66,67,68,69,70,122,123,124,125,126,127,128,129,130,131,132,133,134,135,136,137,138,139,140,141,142,143,144,145,146,147,148,149,150,151,152,168,169,170,171,172,173,174,175,176,177,178,179,181,183,184,195,245,246,247,248,249,250,251,252,253,254,255,256,257,258,259,260
7ra3	R	140,141,142,143,144,145,146,147,148,149,150,151,152,153,154,155,156,157,158,159,160,216,217,218,219,220,221,222,223,224,225,226,227,228,229,230,231,232,233,234,235,236,237,238,239,240,241,242,243,244,245,246,257,258,259,260,261,262,264,265,266,267,268,269,271,273,274,296,341,342,343,344,345,346,347,348,349,350,351,352,353,354,355,356
7rbt	R	140,141,142,143,144,145,146,147,148,149,150,151,152,153,154,155,156,157,158,159,160,216,217,218,219,220,221,222,223,224,225,226,227,228,229,230,231,232,233,234,235,236,237,238,239,240,241,242,243,244,245,246,257,258,259,260,261,262,264,265,266,267,268,269,271,273,274,296,341,342,343,344,345,346,347,348,349,350,351,352,353,354,355,356
7rg9	R	147,148,149,150,151,152,153,154,155,156,157,158,159,160,161,162,163,164,165,166,167,226,227,228,229,230,231,232,233,234,235,236,237,238,239,240,241,242,243,244,245,246,247,248,249,250,251,252,253,254,255,256,267,268,269,270,271,272,274,275,276,277,278,279,281,283,284,306,351,352,353,354,355,356,357,358,359,360,361,362,363,364,365,366
7rgp	R	147,148,149,150,151,152,153,154,155,156,157,158,159,160,161,162,163,164,165,166,167,226,227,228,229,230,231,232,233,234,235,236,237,238,239,240,241,242,243,244,245,246,247,248,249,250,251,252,253,254,255,256,267,268,269,270,271,272,274,275,276,277,278,279,281,283,284,306,351,352,353,354,355,356,357,358,359,360,361,362,363,364,365,366
7rmg	R	38,39,40,41,42,43,44,45,46,47,48,49,50,51,52,53,54,55,56,57,58,105,106,107,108,109,110,111,112,113,114,115,116,117,118,119,120,121,122,123,124,125,126,127,128,129,130,131,132,133,134,135,149,150,151,152,153,154,155,156,157,158,159,160,162,163,164,198,248,249,250,251,252,253,254,255,256,257,258,259,260,261,262,263
7rmh	R	38,39,40,41,42,43,44,45,46,47,48,49,50,51,52,53,54,55,56,57,58,105,106,107,108,109,110,111,112,113,114,115,116,117,118,119,120,121,122,123,124,125,126,127,128,129,130,131,132,133,134,135,149,150,151,152,153,154,155,156,157,158,159,160,162,163,164,198,248,249,250,251,252,253,254,255,256,257,258,259,260,261,262,263
7rmi	R	38,39,40,41,42,43,44,45,46,47,48,49,50,51,52,53,54,55,56,57,58,105,106,107,108,109,110,111,112,113,114,115,116,117,118,119,120,121,122,123,124,125,126,127,128,129,130,131,132,133,134,135,149,150,151,152,153,154,155,156,157,158,159,160,162,163,164,198,248,249,250,251,252,253,254,255,256,257,258,259,260,261,262,263
7rtb	R	147,148,149,150,151,152,153,154,155,156,157,158,159,160,161,162,163,164,165,166,167,226,227,228,229,230,231,232,233,234,235,236,237,238,239,240,241,242,243,244,245,246,247,248,249,250,251,252,253,254,255,256,267,268,269,270,271,272,274,275,276,277,278,279,281,283,284,306,351,352,353,354,355,356,357,358,359,360,361,362,363,364,365,366
7s1m	R	147,148,149,150,151,152,153,154,155,156,157,158,159,160,161,162,163,164,165,166,167,226,227,228,229,230,231,232,233,234,235,236,237,238,239,240,241,242,243,244,245,246,247,248,249,250,251,252,253,254,255,256,267,268,269,270,271,272,274,275,276,277,278,279,281,283,284,306,351,352,353,354,355,356,357,358,359,360,361,362,363,364,365,366
7s3i	R	147,148,149,150,151,152,153,154,155,156,157,158,159,160,161,162,163,164,165,166,167,226,227,228,229,230,231,232,233,234,235,236,237,238,239,240,241,242,243,244,245,246,247,248,249,250,251,252,253,254,255,256,267,268,269,270,271,272,274,275,276,277,278,279,281,283,284,306,351,352,353,354,355,356,357,358,359,360,361,362,363,364,365,366
7s8m	R	36,37,38,39,40,41,42,43,44,45,46,47,48,49,50,51,52,53,54,55,56,102,103,104,105,106,107,108,109,110,111,112,113,114,115,116,117,118,119,120,121,122,123,124,125,126,127,128,129,130,131,132,148,149,150,151,152,153,154,155,156,157,158,159,161,163,164,187,223,224,225,226,227,228,229,230,231,232,233,234,235,236,237,238
7s8o	R	36,37,38,39,40,41,42,43,44,45,46,47,48,49,50,51,52,53,54,55,56,102,103,104,105,106,107,108,109,110,111,112,113,114,115,116,117,118,119,120,121,122,123,124,125,126,127,128,129,130,131,132,148,149,150,151,152,153,154,155,156,157,158,159,161,163,164,187,223,224,225,226,227,228,229,230,231,232,233,234,235,236,237,238
7sbf	R	74,75,76,77,78,79,80,81,82,83,84,85,86,87,88,89,90,91,92,93,94,140,141,142,143,144,145,146,147,148,149,150,151,152,153,154,155,156,157,158,159,160,161,162,163,164,165,166,167,168,169,170,186,187,188,189,190,191,192,193,194,195,196,197,199,201,202,234,280,281,282,283,284,285,286,287,288,289,290,291,292,293,294,295
7scg	D	74,75,76,77,78,79,80,81,82,83,84,85,86,87,88,89,90,91,92,93,94,140,141,142,143,144,145,146,147,148,149,150,151,152,153,154,155,156,157,158,159,160,161,162,163,164,165,166,167,168,169,170,186,187,188,189,190,191,192,193,194,195,196,197,199,201,202,234,280,281,282,283,284,285,286,287,288,289,290,291,292,293,294,295
7sqo	R	60,61,62,63,64,65,66,67,68,69,70,71,72,73,74,75,76,77,78,79,80,127,128,129,130,131,132,133,134,135,136,137,138,139,140,141,142,143,144,145,146,147,148,149,150,151,152,153,154,155,156,157,171,172,173,174,175,176,177,178,179,180,181,182,184,185,186,225,304,305,306,307,308,309,310,311,312,313,314,315,316,317,318,319
7t10	R	49,50,51,52,53,54,55,56,57,58,59,60,61,62,63,64,65,66,67,68,69,115,116,117,118,119,120,121,122,123,124,125,126,127,128,129,130,131,132,133,134,135,136,137,138,139,140,141,142,143,144,145,161,162,163,164,165,166,167,168,169,170,171,172,174,175,176,210,256,257,258,259,260,261,262,263,264,265,266,267,268,269,270,271
7t11	R	49,50,51,52,53,54,55,56,57,58,59,60,61,62,63,64,65,66,67,68,69,115,116,117,118,119,120,121,122,123,124,125,126,127,128,129,130,131,132,133,134,135,136,137,138,139,140,141,142,143,144,145,161,162,163,164,165,166,167,168,169,170,171,172,174,175,176,210,256,257,258,259,260,261,262,263,264,265,266,267,268,269,270,271
7t6s	R	32,33,34,35,36,37,38,39,40,41,42,43,44,45,46,47,48,49,50,51,52,98,99,100,101,102,103,104,105,106,107,108,109,110,111,112,113,114,115,116,117,118,119,120,121,122,123,124,125,126,127,128,144,145,146,147,148,149,150,151,152,153,154,155,157,158,159,203,241,242,243,244,245,246,247,248,249,250,251,252,253,254,255,256
7t6t	R	32,33,34,35,36,37,38,39,40,41,42,43,44,45,46,47,48,49,50,51,52,98,99,100,101,102,103,104,105,106,107,108,109,110,111,112,113,114,115,116,117,118,119,120,121,122,123,124,125,126,127,128,144,145,146,147,148,149,150,151,152,153,154,155,157,158,159,203,241,242,243,244,245,246,247,248,249,250,251,252,253,254,255,256
7t6u	R	32,33,34,35,36,37,38,39,40,41,42,43,44,45,46,47,48,49,50,51,52,98,99,100,101,102,103,104,105,106,107,108,109,110,111,112,113,114,115,116,117,118,119,120,121,122,123,124,125,126,127,128,144,145,146,147,148,149,150,151,152,153,154,155,157,158,159,203,241,242,243,244,245,246,247,248,249,250,251,252,253,254,255,256
7t6v	R	32,33,34,35,36,37,38,39,40,41,42,43,44,45,46,47,48,49,50,51,52,98,99,100,101,102,103,104,105,106,107,108,109,110,111,112,113,114,115,116,117,118,119,120,121,122,123,124,125,126,127,128,144,145,146,147,148,149,150,151,152,153,154,155,157,158,159,203,241,242,243,244,245,246,247,248,249,250,251,252,253,254,255,256
7td0	R	55,56,57,58,59,60,61,62,63,64,65,66,67,68,69,70,71,72,73,74,75,121,122,123,124,125,126,127,128,129,130,131,132,133,134,135,136,137,138,139,140,141,142,143,144,145,146,147,148,149,150,151,166,167,168,169,170,171,172,173,174,175,176,177,179,181,182,208,258,259,260,261,262,263,264,265,266,267,268,269,270,271,272,273
7td1	R	55,56,57,58,59,60,61,62,63,64,65,66,67,68,69,70,71,72,73,74,75,121,122,123,124,125,126,127,128,129,130,131,132,133,134,135,136,137,138,139,140,141,142,143,144,145,146,147,148,149,150,151,166,167,168,169,170,171,172,173,174,175,176,177,179,181,182,208,258,259,260,261,262,263,264,265,266,267,268,269,270,271,272,273
7td2	R	55,56,57,58,59,60,61,62,63,64,65,66,67,68,69,70,71,72,73,74,75,121,122,123,124,125,126,127,128,129,130,131,132,133,134,135,136,137,138,139,140,141,142,143,144,145,146,147,148,149,150,151,166,167,168,169,170,171,172,173,174,175,176,177,179,181,182,208,258,259,260,261,262,263,264,265,266,267,268,269,270,271,272,273
7td3	R	51,52,53,54,55,56,57,58,59,60,61,62,63,64,65,66,67,68,69,70,71,117,118,119,120,121,122,123,124,125,126,127,128,129,130,131,132,133,134,135,136,137,138,139,140,141,142,143,144,145,146,147,162,163,164,165,166,167,168,169,170,171,172,173,175,177,178,204,256,257,258,259,260,261,262,263,264,265,266,267,268,269,270,271
7td4	R	51,52,53,54,55,56,57,58,59,60,61,62,63,64,65,66,67,68,69,70,71,117,118,119,120,121,122,123,124,125,126,127,128,129,130,131,132,133,134,135,136,137,138,139,140,141,142,143,144,145,146,147,162,163,164,165,166,167,168,169,170,171,172,173,175,177,178,204,256,257,258,259,260,261,262,263,264,265,266,267,268,269,270,271
7tuz	R	37,38,39,40,41,42,43,44,45,46,47,48,49,50,51,52,53,54,55,56,57,104,105,106,107,108,109,110,111,112,113,114,115,116,117,118,119,120,121,122,123,124,125,126,127,128,129,130,131,132,133,134,150,151,152,153,154,155,156,157,158,159,160,161,163,164,165,198,244,245,246,247,248,249,250,251,252,253,254,255,256,257,258,259
7tyf	R	151,152,153,154,155,156,157,158,159,160,161,162,163,164,165,166,167,168,169,170,171,219,220,221,222,223,224,225,226,227,228,229,230,231,232,233,234,235,236,237,238,239,240,241,242,243,244,245,246,247,248,249,260,261,262,263,264,265,267,268,269,270,271,272,274,276,277,298,343,344,345,346,347,348,349,350,351,352,353,354,355,356,357,358
7tyh	R	151,152,153,154,155,156,157,158,159,160,161,162,163,164,165,166,167,168,169,170,171,219,220,221,222,223,224,225,226,227,228,229,230,231,232,233,234,235,236,237,238,239,240,241,242,243,244,245,246,247,248,249,260,261,262,263,264,265,267,268,269,270,271,272,274,276,277,298,343,344,345,346,347,348,349,350,351,352,353,354,355,356,357,358
7tyi	R	151,152,153,154,155,156,157,158,159,160,161,162,163,164,165,166,167,168,169,170,171,219,220,221,222,223,224,225,226,227,228,229,230,231,232,233,234,235,236,237,238,239,240,241,242,243,244,245,246,247,248,249,260,261,262,263,264,265,267,268,269,270,271,272,274,276,277,298,343,344,345,346,347,348,349,350,351,352,353,354,355,356,357,358
7tyl	R	151,152,153,154,155,156,157,158,159,160,161,162,163,164,165,166,167,168,169,170,171,219,220,221,222,223,224,225,226,227,228,229,230,231,232,233,234,235,236,237,238,239,240,241,242,243,244,245,246,247,248,249,260,261,262,263,264,265,267,268,269,270,271,272,274,276,277,298,343,344,345,346,347,348,349,350,351,352,353,354,355,356,357,358
7tyn	R	151,152,153,154,155,156,157,158,159,160,161,162,163,164,165,166,167,168,169,170,171,219,220,221,222,223,224,225,226,227,228,229,230,231,232,233,234,235,236,237,238,239,240,241,242,243,244,245,246,247,248,249,260,261,262,263,264,265,267,268,269,270,271,272,274,276,277,298,343,344,345,346,347,348,349,350,351,352,353,354,355,356,357,358
7tyo	R	151,152,153,154,155,156,157,158,159,160,161,162,163,164,165,166,167,168,169,170,171,219,220,221,222,223,224,225,226,227,228,229,230,231,232,233,234,235,236,237,238,239,240,241,242,243,244,245,246,247,248,249,260,261,262,263,264,265,267,268,269,270,271,272,274,276,277,298,343,344,345,346,347,348,349,350,351,352,353,354,355,356,357,358
7tyw	R	151,152,153,154,155,156,157,158,159,160,161,162,163,164,165,166,167,168,169,170,171,219,220,221,222,223,224,225,226,227,228,229,230,231,232,233,234,235,236,237,238,239,240,241,242,243,244,245,246,247,248,249,260,261,262,263,264,265,267,268,269,270,271,272,274,276,277,298,343,344,345,346,347,348,349,350,351,352,353,354,355,356,357,358
7tyx	R	151,152,153,154,155,156,157,158,159,160,161,162,163,164,165,166,167,168,169,170,171,219,220,221,222,223,224,225,226,227,228,229,230,231,232,233,234,235,236,237,238,239,240,241,242,243,244,245,246,247,248,249,260,261,262,263,264,265,267,268,269,270,271,272,274,276,277,298,343,344,345,346,347,348,349,350,351,352,353,354,355,356,357,358
7tyy	R	151,152,153,154,155,156,157,158,159,160,161,162,163,164,165,166,167,168,169,170,171,219,220,221,222,223,224,225,226,227,228,229,230,231,232,233,234,235,236,237,238,239,240,241,242,243,244,245,246,247,248,249,260,261,262,263,264,265,267,268,269,270,271,272,274,276,277,298,343,344,345,346,347,348,349,350,351,352,353,354,355,356,357,358
7tzf	R	151,152,153,154,155,156,157,158,159,160,161,162,163,164,165,166,167,168,169,170,171,219,220,221,222,223,224,225,226,227,228,229,230,231,232,233,234,235,236,237,238,239,240,241,242,243,244,245,246,247,248,249,260,261,262,263,264,265,267,268,269,270,271,272,274,276,277,298,343,344,345,346,347,348,349,350,351,352,353,354,355,356,357,358
7u2l	D	74,75,76,77,78,79,80,81,82,83,84,85,86,87,88,89,90,91,92,93,94,140,141,142,143,144,145,146,147,148,149,150,151,152,153,154,155,156,157,158,159,160,161,162,163,164,165,166,167,168,169,170,186,187,188,189,190,191,192,193,194,195,196,197,199,201,202,234,280,281,282,283,284,285,286,287,288,289,290,291,292,293,294,295
7v35	R	144,145,146,147,148,149,150,151,152,153,154,155,156,157,158,159,160,161,162,163,164,224,225,226,227,228,229,230,231,232,233,234,235,236,237,238,239,240,241,242,243,244,245,246,247,248,249,250,251,252,253,254,265,266,267,268,269,270,272,273,274,275,276,277,279,281,282,304,349,350,351,352,353,354,355,356,357,358,359,360,361,362,363,364
7v68	R	38,39,40,41,42,43,44,45,46,47,48,49,50,51,52,53,54,55,56,57,58,105,106,107,108,109,110,111,112,113,114,115,116,117,118,119,120,121,122,123,124,125,126,127,128,129,130,131,132,133,134,135,151,152,153,154,155,156,157,158,159,160,161,162,164,166,167,197,400,401,402,403,404,405,406,407,408,409,410,411,412,413,414,415
7v69	R	38,39,40,41,42,43,44,45,46,47,48,49,50,51,52,53,54,55,56,57,58,105,106,107,108,109,110,111,112,113,114,115,116,117,118,119,120,121,122,123,124,125,126,127,128,129,130,131,132,133,134,135,151,152,153,154,155,156,157,158,159,160,161,162,164,166,167,197,400,401,402,403,404,405,406,407,408,409,410,411,412,413,414,415
7v6a	R	38,39,40,41,42,43,44,45,46,47,48,49,50,51,52,53,54,55,56,57,58,105,106,107,108,109,110,111,112,113,114,115,116,117,118,119,120,121,122,123,124,125,126,127,128,129,130,131,132,133,134,135,151,152,153,154,155,156,157,158,159,160,161,162,164,166,167,197,400,401,402,403,404,405,406,407,408,409,410,411,412,413,414,415
7vbh	R	147,148,149,150,151,152,153,154,155,156,157,158,159,160,161,162,163,164,165,166,167,226,227,228,229,230,231,232,233,234,235,236,237,238,239,240,241,242,243,244,245,246,247,248,249,250,251,252,253,254,255,256,267,268,269,270,271,272,274,275,276,277,278,279,281,283,284,306,351,352,353,354,355,356,357,358,359,360,361,362,363,364,365,366
7vbi	R	147,148,149,150,151,152,153,154,155,156,157,158,159,160,161,162,163,164,165,166,167,226,227,228,229,230,231,232,233,234,235,236,237,238,239,240,241,242,243,244,245,246,247,248,249,250,251,252,253,254,255,256,267,268,269,270,271,272,274,275,276,277,278,279,281,283,284,306,351,352,353,354,355,356,357,358,359,360,361,362,363,364,365,366
7vdh	R	36,37,38,39,40,41,42,43,44,45,46,47,48,49,50,51,52,53,54,55,56,102,103,104,105,106,107,108,109,110,111,112,113,114,115,116,117,118,119,120,121,122,123,124,125,126,127,128,129,130,131,132,148,149,150,151,152,153,154,155,156,157,158,159,161,163,164,187,223,224,225,226,227,228,229,230,231,232,233,234,235,236,237,238
7vdl	R	36,37,38,39,40,41,42,43,44,45,46,47,48,49,50,51,52,53,54,55,56,102,103,104,105,106,107,108,109,110,111,112,113,114,115,116,117,118,119,120,121,122,123,124,125,126,127,128,129,130,131,132,148,149,150,151,152,153,154,155,156,157,158,159,161,163,164,187,223,224,225,226,227,228,229,230,231,232,233,234,235,236,237,238
7vdm	R	36,37,38,39,40,41,42,43,44,45,46,47,48,49,50,51,52,53,54,55,56,102,103,104,105,106,107,108,109,110,111,112,113,114,115,116,117,118,119,120,121,122,123,124,125,126,127,128,129,130,131,132,148,149,150,151,152,153,154,155,156,157,158,159,161,163,164,187,223,224,225,226,227,228,229,230,231,232,233,234,235,236,237,238
7vgx	R	46,47,48,49,50,51,52,53,54,55,56,57,58,59,60,61,62,63,64,65,66,113,114,115,116,117,118,119,120,121,122,123,124,125,126,127,128,129,130,131,132,133,134,135,136,137,138,139,140,141,142,143,157,158,159,160,161,162,163,164,165,166,167,168,170,171,172,213,263,264,265,266,267,268,269,270,271,272,273,274,275,276,277,278
7vgy	A	33,34,35,36,37,38,39,40,41,42,43,44,45,46,47,48,49,50,51,52,53,100,101,102,103,104,105,106,107,108,109,110,111,112,113,114,115,116,117,118,119,120,121,122,123,124,125,126,127,128,129,130,146,147,148,149,150,151,152,153,154,155,156,157,159,160,161,189,238,239,240,241,242,243,244,245,246,247,248,249,250,251,252,253
7vgz	B	33,34,35,36,37,38,39,40,41,42,43,44,45,46,47,48,49,50,51,52,53,100,101,102,103,104,105,106,107,108,109,110,111,112,113,114,115,116,117,118,119,120,121,122,123,124,125,126,127,128,129,130,146,147,148,149,150,151,152,153,154,155,156,157,159,160,161,189,238,239,240,241,242,243,244,245,246,247,248,249,250,251,252,253
7vh0	A	46,47,48,49,50,51,52,53,54,55,56,57,58,59,60,61,62,63,64,65,66,113,114,115,116,117,118,119,120,121,122,123,124,125,126,127,128,129,130,131,132,133,134,135,136,137,138,139,140,141,142,143,159,160,161,162,163,164,165,166,167,168,169,170,172,173,174,202,251,252,253,254,255,256,257,258,259,260,261,262,263,264,265,266
7vkt	A	24,25,26,27,28,29,30,31,32,33,34,35,36,37,38,39,40,41,42,43,44,90,91,92,93,94,95,96,97,98,99,100,101,102,103,104,105,106,107,108,109,110,111,112,113,114,115,116,117,118,119,120,136,137,138,139,140,141,142,143,144,145,146,147,149,150,151,183,221,222,223,224,225,226,227,228,229,230,231,232,233,234,235,236
7vl8	R	40,41,42,43,44,45,46,47,48,49,50,51,52,53,54,55,56,57,58,59,60,106,107,108,109,110,111,112,113,114,115,116,117,118,119,120,121,122,123,124,125,126,127,128,129,130,131,132,133,134,135,136,152,153,154,155,156,157,158,159,160,161,162,163,165,166,167,201,239,240,241,242,243,244,245,246,247,248,249,250,251,252,253,254
7vl9	R	40,41,42,43,44,45,46,47,48,49,50,51,52,53,54,55,56,57,58,59,60,106,107,108,109,110,111,112,113,114,115,116,117,118,119,120,121,122,123,124,125,126,127,128,129,130,131,132,133,134,135,136,152,153,154,155,156,157,158,159,160,161,162,163,165,166,167,201,239,240,241,242,243,244,245,246,247,248,249,250,251,252,253,254
7vla	R	40,41,42,43,44,45,46,47,48,49,50,51,52,53,54,55,56,57,58,59,60,106,107,108,109,110,111,112,113,114,115,116,117,118,119,120,121,122,123,124,125,126,127,128,129,130,131,132,133,134,135,136,152,153,154,155,156,157,158,159,160,161,162,163,165,166,167,201,239,240,241,242,243,244,245,246,247,248,249,250,251,252,253,254
7vqx	R	129,130,131,132,133,134,135,136,137,138,139,140,141,142,143,144,145,146,147,148,149,202,203,204,205,206,207,208,209,210,211,212,213,214,215,216,217,218,219,220,221,222,223,224,225,226,227,228,229,230,231,232,242,243,244,245,246,247,249,250,251,252,253,254,256,258,259,281,328,329,330,331,332,333,334,335,336,337,338,339,340,341,342,343
7vug	R	32,33,34,35,36,37,38,39,40,41,42,43,44,45,46,47,48,49,50,51,52,101,102,103,104,105,106,107,108,109,110,111,112,113,114,115,116,117,118,119,120,121,122,123,124,125,126,127,128,129,130,131,146,147,148,149,150,151,152,153,154,155,156,157,159,161,162,185,228,229,230,231,232,233,234,235,236,237,238,239,240,241,242,243
7vuh	R	32,33,34,35,36,37,38,39,40,41,42,43,44,45,46,47,48,49,50,51,52,101,102,103,104,105,106,107,108,109,110,111,112,113,114,115,116,117,118,119,120,121,122,123,124,125,126,127,128,129,130,131,146,147,148,149,150,151,152,153,154,155,156,157,159,161,162,185,228,229,230,231,232,233,234,235,236,237,238,239,240,241,242,243
7vui	R	32,33,34,35,36,37,38,39,40,41,42,43,44,45,46,47,48,49,50,51,52,101,102,103,104,105,106,107,108,109,110,111,112,113,114,115,116,117,118,119,120,121,122,123,124,125,126,127,128,129,130,131,146,147,148,149,150,151,152,153,154,155,156,157,159,161,162,185,228,229,230,231,232,233,234,235,236,237,238,239,240,241,242,243
7vuj	R	32,33,34,35,36,37,38,39,40,41,42,43,44,45,46,47,48,49,50,51,52,101,102,103,104,105,106,107,108,109,110,111,112,113,114,115,116,117,118,119,120,121,122,123,124,125,126,127,128,129,130,131,146,147,148,149,150,151,152,153,154,155,156,157,159,161,162,185,228,229,230,231,232,233,234,235,236,237,238,239,240,241,242,243
7vuy	R	36,37,38,39,40,41,42,43,44,45,46,47,48,49,50,51,52,53,54,55,56,102,103,104,105,106,107,108,109,110,111,112,113,114,115,116,117,118,119,120,121,122,123,124,125,126,127,128,129,130,131,132,148,149,150,151,152,153,154,155,156,157,158,159,161,163,164,187,223,224,225,226,227,228,229,230,231,232,233,234,235,236,237,238
7vuz	R	36,37,38,39,40,41,42,43,44,45,46,47,48,49,50,51,52,53,54,55,56,102,103,104,105,106,107,108,109,110,111,112,113,114,115,116,117,118,119,120,121,122,123,124,125,126,127,128,129,130,131,132,148,149,150,151,152,153,154,155,156,157,158,159,161,163,164,187,223,224,225,226,227,228,229,230,231,232,233,234,235,236,237,238
7vv3	R	36,37,38,39,40,41,42,43,44,45,46,47,48,49,50,51,52,53,54,55,56,102,103,104,105,106,107,108,109,110,111,112,113,114,115,116,117,118,119,120,121,122,123,124,125,126,127,128,129,130,131,132,148,149,150,151,152,153,154,155,156,157,158,159,161,163,164,187,223,224,225,226,227,228,229,230,231,232,233,234,235,236,237,238
7vv5	R	36,37,38,39,40,41,42,43,44,45,46,47,48,49,50,51,52,53,54,55,56,102,103,104,105,106,107,108,109,110,111,112,113,114,115,116,117,118,119,120,121,122,123,124,125,126,127,128,129,130,131,132,148,149,150,151,152,153,154,155,156,157,158,159,161,163,164,187,223,224,225,226,227,228,229,230,231,232,233,234,235,236,237,238
7w2z	R	49,50,51,52,53,54,55,56,57,58,59,60,61,62,63,64,65,66,67,68,69,116,117,118,119,120,121,122,123,124,125,126,127,128,129,130,131,132,133,134,135,136,137,138,139,140,141,142,143,144,145,146,162,163,164,165,166,167,168,169,170,171,172,173,175,176,177,215,263,264,265,266,267,268,269,270,271,272,273,274,275,276,277,278
7wbj	R	129,130,131,132,133,134,135,136,137,138,139,140,141,142,143,144,145,146,147,148,149,202,203,204,205,206,207,208,209,210,211,212,213,214,215,216,217,218,219,220,221,222,223,224,225,226,227,228,229,230,231,232,242,243,244,245,246,247,249,250,251,252,253,254,256,258,259,281,328,329,330,331,332,333,334,335,336,337,338,339,340,341,342,343
7wf7	A	51,52,53,54,55,56,57,58,59,60,61,62,63,64,65,66,67,68,69,70,71,117,118,119,120,121,122,123,124,125,126,127,128,129,130,131,132,133,134,135,136,137,138,139,140,141,142,143,144,145,146,147,162,163,164,165,166,167,168,169,170,171,172,173,175,177,178,204,256,257,258,259,260,261,262,263,264,265,266,267,268,269,270,271
7wq3	R	39,40,41,42,43,44,45,46,47,48,49,50,51,52,53,54,55,56,57,58,59,108,109,110,111,112,113,114,115,116,117,118,119,120,121,122,123,124,125,126,127,128,129,130,131,132,133,134,135,136,137,138,154,155,156,157,158,159,160,161,162,163,164,165,167,168,169,202,247,248,249,250,251,252,253,254,255,256,257,258,259,260,261,262
7wu4	R	588,589,590,591,592,593,594,595,596,597,598,599,600,601,602,603,604,605,606,607,608,657,658,659,660,661,662,663,664,665,666,667,668,669,670,671,672,673,674,675,676,677,678,679,680,681,682,683,684,685,686,687,700,701,702,703,704,705,707,708,709,710,711,712,714,716,717,745,791,792,793,794,795,796,797,798,799,800,801,802,803,804,805,806
7wu5	R	588,589,590,591,592,593,594,595,596,597,598,599,600,601,602,603,604,605,606,607,608,657,658,659,660,661,662,663,664,665,666,667,668,669,670,671,672,673,674,675,676,677,678,679,680,681,682,683,684,685,686,687,700,701,702,703,704,705,707,708,709,710,711,712,714,716,717,745,791,792,793,794,795,796,797,798,799,800,801,802,803,804,805,806
7wuq	R	623,624,625,626,627,628,629,630,631,632,633,634,635,636,637,638,639,640,641,642,643,686,687,688,689,690,691,692,693,694,695,696,697,698,699,700,701,702,703,704,705,706,707,708,709,710,711,712,713,714,715,716,728,729,730,731,732,733,735,736,737,738,739,740,742,744,745,779,825,826,827,828,829,830,831,832,833,834,835,836,837,838,839,840
7wvu	R	32,33,34,35,36,37,38,39,40,41,42,43,44,45,46,47,48,49,50,51,52,98,99,100,101,102,103,104,105,106,107,108,109,110,111,112,113,114,115,116,117,118,119,120,121,122,123,124,125,126,127,128,144,145,146,147,148,149,150,151,152,153,154,155,157,158,159,203,241,242,243,244,245,246,247,248,249,250,251,252,253,254,255,256
7wvv	R	32,33,34,35,36,37,38,39,40,41,42,43,44,45,46,47,48,49,50,51,52,98,99,100,101,102,103,104,105,106,107,108,109,110,111,112,113,114,115,116,117,118,119,120,121,122,123,124,125,126,127,128,144,145,146,147,148,149,150,151,152,153,154,155,157,158,159,203,241,242,243,244,245,246,247,248,249,250,251,252,253,254,255,256
7wvw	R	32,33,34,35,36,37,38,39,40,41,42,43,44,45,46,47,48,49,50,51,52,98,99,100,101,102,103,104,105,106,107,108,109,110,111,112,113,114,115,116,117,118,119,120,121,122,123,124,125,126,127,128,144,145,146,147,148,149,150,151,152,153,154,155,157,158,159,203,241,242,243,244,245,246,247,248,249,250,251,252,253,254,255,256
7wvx	R	32,33,34,35,36,37,38,39,40,41,42,43,44,45,46,47,48,49,50,51,52,98,99,100,101,102,103,104,105,106,107,108,109,110,111,112,113,114,115,116,117,118,119,120,121,122,123,124,125,126,127,128,144,145,146,147,148,149,150,151,152,153,154,155,157,158,159,203,241,242,243,244,245,246,247,248,249,250,251,252,253,254,255,256
7wvy	R	32,33,34,35,36,37,38,39,40,41,42,43,44,45,46,47,48,49,50,51,52,98,99,100,101,102,103,104,105,106,107,108,109,110,111,112,113,114,115,116,117,118,119,120,121,122,123,124,125,126,127,128,144,145,146,147,148,149,150,151,152,153,154,155,157,158,159,203,241,242,243,244,245,246,247,248,249,250,251,252,253,254,255,256
7x9a	R	46,47,48,49,50,51,52,53,54,55,56,57,58,59,60,61,62,63,64,65,66,113,114,115,116,117,118,119,120,121,122,123,124,125,126,127,128,129,130,131,132,133,134,135,136,137,138,139,140,141,142,143,157,158,159,160,161,162,163,164,165,166,167,168,170,171,172,213,263,264,265,266,267,268,269,270,271,272,273,274,275,276,277,278
7x9b	R	56,57,58,59,60,61,62,63,64,65,66,67,68,69,70,71,72,73,74,75,76,123,124,125,126,127,128,129,130,131,132,133,134,135,136,137,138,139,140,141,142,143,144,145,146,147,148,149,150,151,152,153,167,168,169,170,171,172,173,174,175,176,177,178,180,181,182,221,268,269,270,271,272,273,274,275,276,277,278,279,280,281,282,283
7x9c	R	47,48,49,50,51,52,53,54,55,56,57,58,59,60,61,62,63,64,65,66,67,114,115,116,117,118,119,120,121,122,123,124,125,126,127,128,129,130,131,132,133,134,135,136,137,138,139,140,141,142,143,144,158,159,160,161,162,163,164,165,166,167,168,169,171,172,173,216,265,266,267,268,269,270,271,272,273,274,275,276,277,278,279,280
7xjh	R	43,44,45,46,47,48,49,50,51,52,53,54,55,56,57,58,59,60,61,62,63,110,111,112,113,114,115,116,117,118,119,120,121,122,123,124,125,126,127,128,129,130,131,132,133,134,135,136,137,138,139,140,156,157,158,159,160,161,162,163,164,165,166,167,169,171,172,206,292,293,294,295,296,297,298,299,300,301,302,303,304,305,306,307
7xji	R	43,44,45,46,47,48,49,50,51,52,53,54,55,56,57,58,59,60,61,62,63,110,111,112,113,114,115,116,117,118,119,120,121,122,123,124,125,126,127,128,129,130,131,132,133,134,135,136,137,138,139,140,156,157,158,159,160,161,162,163,164,165,166,167,169,171,172,206,292,293,294,295,296,297,298,299,300,301,302,303,304,305,306,307
