#PDBID	CHAIN	PDB_RES_NUM
3sn6	A	207,208,209,210,211,212,213,214,215,216,217,218,219,220,221,222,223,224,225,226,227,228,229,230,231,232,233,234,235,236,237,238,239,240,241,242,243,244,245,246,247,248,249,265,266,267,268,269,270,271,272,273,274,275,276,277,278,279,280,281,282,283,284,285,286,287,288,289,290,291,292,308,309,310,318,319,320,321,340,341,342,343,344,345,346,347,348,352,353,354,355,356,359,360,361,362,363,371
6fuf	B	185,186,187,188,189,190,191,192,193,194,195,196,197,198,199,200,201,202,203,204,205,206,207,208,209,210,211,212,213,214,215,216,217,218,219,220,221,222,223,224,225,226,227,243,244,245,246,247,248,249,250,251,252,253,254,255,256,257,258,259,260,261,262,263,264,265,266,267,268,269,270,284,285,286,294,295,296,297,303,304,305,306,307,308,309,310,311,314,315,316,317,318,319,320,321,322,323,331
6g79	A	185,186,187,188,189,190,191,192,193,194,195,196,197,198,199,200,201,202,203,204,205,206,207,208,209,210,211,212,213,214,215,216,217,218,219,220,221,222,223,224,225,226,227,243,244,245,246,247,248,249,250,251,252,253,254,255,256,257,258,259,260,261,262,263,264,265,266,267,268,269,270,284,285,286,294,295,296,297,303,304,305,306,307,308,309,310,311,314,315,316,317,318,319,320,321,322,323,331
6gdg	D	207,208,209,210,211,212,213,214,215,216,217,218,219,220,221,222,223,224,225,226,227,228,229,230,231,232,233,234,235,236,237,238,239,240,241,242,243,244,245,246,247,248,249,255,256,257,258,259,260,261,262,263,264,265,266,267,268,269,270,271,272,273,274,275,276,277,278,279,280,281,282,298,299,300,308,309,310,311,330,331,332,333,334,335,336,337,338,342,343,344,345,346,349,350,351,352,353,361
6k41	A	185,186,187,188,189,190,191,192,193,194,195,196,197,198,199,200,201,202,203,204,205,206,207,208,209,210,211,212,213,214,215,216,217,218,219,220,221,222,223,224,225,226,227,243,244,245,246,247,248,249,250,251,252,253,254,255,256,257,258,259,260,261,262,263,264,265,266,267,268,269,270,284,285,286,294,295,296,297,303,304,305,306,307,308,309,310,311,314,315,316,317,318,319,320,321,322,323,331
6k42	A	184,185,186,187,188,189,190,191,192,193,194,195,196,197,198,199,200,201,202,203,204,205,206,207,208,209,210,211,212,213,214,215,216,217,218,219,220,221,222,223,224,225,226,242,243,244,245,246,247,248,249,250,251,252,253,254,255,256,257,258,259,260,261,262,263,264,265,266,267,268,269,283,284,285,293,294,295,296,302,303,304,305,306,307,308,309,310,314,315,316,317,318,319,320,321,322,323,331
6kpf	A	184,185,186,187,188,189,190,191,192,193,194,195,196,197,198,199,200,201,202,203,204,205,206,207,208,209,210,211,212,213,214,215,216,217,218,219,220,221,222,223,224,225,226,242,243,244,245,246,247,248,249,250,251,252,253,254,255,256,257,258,259,260,261,262,263,264,265,266,267,268,269,283,284,285,293,294,295,296,302,303,304,305,306,307,308,309,310,314,315,316,317,318,319,320,321,322,323,331
6kpg	A	184,185,186,187,188,189,190,191,192,193,194,195,196,197,198,199,200,201,202,203,204,205,206,207,208,209,210,211,212,213,214,215,216,217,218,219,220,221,222,223,224,225,226,242,243,244,245,246,247,248,249,250,251,252,253,254,255,256,257,258,259,260,261,262,263,264,265,266,267,268,269,283,284,285,293,294,295,296,302,303,304,305,306,307,308,309,310,314,315,316,317,318,319,320,321,322,323,331
6lfo	A	184,185,186,187,188,189,190,191,192,193,194,195,196,197,198,199,200,201,202,203,204,205,206,207,208,209,210,211,212,213,214,215,216,217,218,219,220,221,222,223,224,225,226,242,243,244,245,246,247,248,249,250,251,252,253,254,255,256,257,258,259,260,261,262,263,264,265,266,267,268,269,283,284,285,293,294,295,296,302,303,304,305,306,307,308,309,310,314,315,316,317,318,319,320,321,322,323,331
6li3	A	207,208,209,210,211,212,213,214,215,216,217,218,219,220,221,222,223,224,225,226,227,228,229,230,231,232,233,234,235,236,237,238,239,240,241,242,243,244,245,246,247,248,249,265,266,267,268,269,270,271,272,273,274,275,276,277,278,279,280,281,282,283,284,285,286,287,288,289,290,291,292,308,309,310,318,319,320,321,340,341,342,343,344,345,346,347,348,352,353,354,355,356,359,360,361,362,363,371
6lml	A	184,185,186,187,188,189,190,191,192,193,194,195,196,197,198,199,200,201,202,203,204,205,206,207,208,209,210,211,212,213,214,215,216,217,218,219,220,221,222,223,224,225,226,242,243,244,245,246,247,248,249,250,251,252,253,254,255,256,257,258,259,260,261,262,263,264,265,266,267,268,269,283,284,285,293,294,295,296,302,303,304,305,306,307,308,309,310,314,315,316,317,318,319,320,321,322,323,331
6nbf	A	208,209,210,211,212,213,214,215,216,217,218,219,220,221,222,223,224,225,226,227,228,229,230,231,232,233,234,235,236,237,238,239,240,241,242,243,244,245,246,247,248,249,265,266,267,268,269,270,271,272,273,274,275,276,277,278,279,280,281,282,283,284,285,286,287,288,289,290,291,292,308,309,310,318,319,320,321,340,341,342,343,344,345,346,347,348,352,353,354,355,356,359,360,361,362,363,371,207
6oij	A	189,190,191,192,193,194,195,196,197,198,199,200,201,202,203,204,205,206,207,208,209,210,211,212,213,214,215,216,217,218,219,220,221,222,223,224,225,226,227,228,229,230,231,247,248,249,250,251,252,253,254,255,256,257,258,259,260,261,262,263,264,265,266,267,268,269,270,271,272,273,274,288,289,290,298,299,300,301,308,309,310,311,312,313,314,315,316,317,318,319,320,321,324,325,326,327,328,336
6oik	A	185,186,187,188,189,190,191,192,193,194,195,196,197,198,199,200,201,202,203,204,205,206,207,208,209,210,211,212,213,214,215,216,217,218,219,220,221,222,223,224,225,226,227,243,244,245,246,247,248,249,250,251,252,253,254,255,256,257,258,259,260,261,262,263,264,265,266,267,268,269,270,284,285,286,294,295,296,297,303,304,305,306,307,308,309,310,311,314,315,316,317,318,319,320,321,322,323,331
6os9	A	184,185,186,187,188,189,190,191,192,193,194,195,196,197,198,199,200,201,202,203,204,205,206,207,208,209,210,211,212,213,214,215,216,217,218,219,220,221,222,223,224,225,226,242,243,244,245,246,247,248,249,250,251,252,253,254,255,256,257,258,259,260,261,262,263,264,265,266,267,268,269,283,284,285,293,294,295,296,302,303,304,305,306,307,308,309,310,314,315,316,317,318,319,320,321,322,323,331
6oya	A	180,181,182,183,184,185,186,187,188,189,190,191,192,193,194,195,196,197,198,199,200,201,202,203,204,205,206,207,208,209,210,211,212,213,214,215,216,217,218,219,220,221,222,238,239,240,241,242,243,244,245,246,247,248,249,250,251,252,253,254,255,256,257,258,259,260,261,262,263,264,265,279,280,281,289,290,291,292,298,299,300,301,302,303,304,305,306,310,311,312,313,314,315,316,317,318,319,327
6p9x	A	207,208,209,210,211,212,213,214,215,216,217,218,219,220,221,222,223,224,225,226,227,228,229,230,231,232,233,234,235,236,237,238,239,240,241,242,243,244,245,246,247,248,249,265,266,267,268,269,270,271,272,273,274,275,276,277,278,279,280,281,282,283,284,285,286,287,288,289,290,291,292,308,309,310,318,319,320,321,340,341,342,343,344,345,346,347,348,352,353,354,355,356,359,360,361,362,363,371
6p9y	A	207,208,209,210,211,212,213,214,215,216,217,218,219,220,221,222,223,224,225,226,227,228,229,230,231,232,233,234,235,236,237,238,239,240,241,242,243,244,245,246,247,248,249,265,266,267,268,269,270,271,272,273,274,275,276,277,278,279,280,281,282,283,284,285,286,287,288,289,290,291,292,308,309,310,318,319,320,321,340,341,342,343,344,345,346,347,348,352,353,354,355,356,359,360,361,362,363,371
6pb1	A	208,209,210,211,212,213,214,215,216,217,218,219,220,221,222,223,224,225,226,227,228,229,230,231,232,233,234,235,236,237,238,239,240,241,242,243,244,245,246,247,248,249,265,266,267,268,269,270,271,272,273,274,275,276,277,278,279,280,281,282,283,284,285,286,287,288,289,290,291,292,308,309,310,318,319,320,321,340,341,342,343,344,345,346,347,348,352,353,354,355,356,359,360,361,362,363,371,207
6qno	A	184,185,186,187,188,189,190,191,192,193,194,195,196,197,198,199,200,201,202,203,204,205,206,207,208,209,210,211,212,213,214,215,216,217,218,219,220,221,222,223,224,225,226,242,243,244,245,246,247,248,249,250,251,252,253,254,255,256,257,258,259,260,261,262,263,264,265,266,267,268,269,283,284,285,293,294,295,296,302,303,304,305,306,307,308,309,310,314,315,316,317,318,319,320,321,322,323,331
6uva	A	207,208,209,210,211,212,213,214,215,216,217,218,219,220,221,222,223,224,225,226,227,228,229,230,231,232,233,234,235,236,237,238,239,240,241,242,243,244,245,246,247,248,249,265,266,267,268,269,270,271,272,273,274,275,276,277,278,279,280,281,282,283,284,285,286,287,288,289,290,291,292,308,309,310,318,319,320,321,340,341,342,343,344,345,346,347,348,352,353,354,355,356,359,360,361,362,363,371
6vn7	A	207,208,209,210,211,212,213,214,215,216,217,218,219,220,221,222,223,224,225,226,227,228,229,230,231,232,233,234,235,236,237,238,239,240,241,242,243,244,245,246,247,248,249,265,266,267,268,269,270,271,272,273,274,275,276,277,278,279,280,281,282,283,284,285,286,287,288,289,290,291,292,308,309,310,318,319,320,321,340,341,342,343,344,345,346,347,348,352,353,354,355,356,359,360,361,362,363,371
6wpw	C	207,208,209,210,211,212,213,214,215,216,217,218,219,220,221,222,223,224,225,226,227,228,229,230,231,232,233,234,235,236,237,238,239,240,241,242,243,244,245,246,247,248,249,265,266,267,268,269,270,271,272,273,274,275,276,277,278,279,280,281,282,283,284,285,286,287,288,289,290,291,292,308,309,310,318,319,320,321,340,341,342,343,344,345,346,347,348,352,353,354,355,356,359,360,361,362,363,371
6wwz	A	185,186,187,188,189,190,191,192,193,194,195,196,197,198,199,200,201,202,203,204,205,206,207,208,209,210,211,212,213,214,215,216,217,218,219,220,221,222,223,224,225,226,227,243,244,245,246,247,248,249,250,251,252,253,254,255,256,257,258,259,260,261,262,263,264,265,266,267,268,269,270,284,285,286,294,295,296,297,303,304,305,306,307,308,309,310,311,314,315,316,317,318,319,320,321,322,323,331
6wzg	A	207,208,209,210,211,212,213,214,215,216,217,218,219,220,221,222,223,224,225,226,227,228,229,230,231,232,233,234,235,236,237,238,239,240,241,242,243,244,245,246,247,248,249,265,266,267,268,269,270,271,272,273,274,275,276,277,278,279,280,281,282,283,284,285,286,287,288,289,290,291,292,308,309,310,318,319,320,321,340,341,342,343,344,345,346,347,348,352,353,354,355,356,359,360,361,362,363,371
6x18	A	207,208,209,210,211,212,213,214,215,216,217,218,219,220,221,222,223,224,225,226,227,228,229,230,231,232,233,234,235,236,237,238,239,240,241,242,243,244,245,246,247,248,249,265,266,267,268,269,270,271,272,273,274,275,276,277,278,279,280,281,282,283,284,285,286,287,288,289,290,291,292,308,309,310,318,319,320,321,340,341,342,343,344,345,346,347,348,352,353,354,355,356,359,360,361,362,363,371
6xbm	A	184,185,186,187,188,189,190,191,192,193,194,195,196,197,198,199,200,201,202,203,204,205,206,207,208,209,210,211,212,213,214,215,216,217,218,219,220,221,222,223,224,225,226,242,243,244,245,246,247,248,249,250,251,252,253,254,255,256,257,258,259,260,261,262,263,264,265,266,267,268,269,283,284,285,293,294,295,296,302,303,304,305,306,307,308,309,310,314,315,316,317,318,319,320,321,322,323,331
7cfn	A	207,208,209,210,211,212,213,214,215,216,217,218,219,220,221,222,223,224,225,226,227,228,229,230,231,232,233,234,235,236,237,238,239,240,241,242,243,244,245,246,247,248,249,265,266,267,268,269,270,271,272,273,274,275,276,277,278,279,280,281,282,283,284,285,286,287,288,289,290,291,292,308,309,310,318,319,320,321,340,341,342,343,344,345,346,347,348,352,353,354,355,356,359,360,361,362,363,371
7cmv	A	184,185,186,187,188,189,190,191,192,193,194,195,196,197,198,199,200,201,202,203,204,205,206,207,208,209,210,211,212,213,214,215,216,217,218,219,220,221,222,223,224,225,226,242,243,244,245,246,247,248,249,250,251,252,253,254,255,256,257,258,259,260,261,262,263,264,265,266,267,268,269,283,284,285,293,294,295,296,302,303,304,305,306,307,308,309,310,314,315,316,317,318,319,320,321,322,323,331
7cx2	A	207,208,209,210,211,212,213,214,215,216,217,218,219,220,221,222,223,224,225,226,227,228,229,230,231,232,233,234,235,236,237,238,239,240,241,242,243,244,245,246,247,248,249,265,266,267,268,269,270,271,272,273,274,275,276,277,278,279,280,281,282,283,284,285,286,287,288,289,290,291,292,308,309,310,318,319,320,321,340,341,342,343,344,345,346,347,348,352,353,354,355,356,359,360,361,362,363,371
7cz5	A	207,208,209,210,211,212,213,214,215,216,217,218,219,220,221,222,223,224,225,226,227,228,229,230,231,232,233,234,235,236,237,238,239,240,241,242,243,244,245,246,247,248,249,265,266,267,268,269,270,271,272,273,274,275,276,277,278,279,280,281,282,283,284,285,286,287,288,289,290,291,292,308,309,310,318,319,320,321,340,341,342,343,344,345,346,347,348,352,353,354,355,356,359,360,361,362,363,371
7d68	A	208,209,210,211,212,213,214,215,216,217,218,219,220,221,222,223,224,225,226,227,228,229,230,231,232,233,234,235,236,237,238,239,240,241,242,243,244,245,246,247,248,249,265,266,267,268,269,270,271,272,273,274,275,276,277,278,279,280,281,282,283,284,285,286,287,288,289,290,291,292,308,309,310,318,319,320,321,340,341,342,343,344,345,346,347,348,352,353,354,355,356,359,360,361,362,363,371,207
7d77	A	185,186,187,188,189,190,191,192,193,194,195,196,197,198,199,200,201,202,203,204,205,206,207,208,209,210,211,212,213,214,215,216,217,218,219,220,221,222,223,224,225,226,227,243,244,245,246,247,248,249,250,251,252,253,254,255,256,257,258,259,260,261,262,263,264,265,266,267,268,269,270,284,285,286,294,295,296,297,303,304,305,306,307,308,309,310,311,314,315,316,317,318,319,320,321,322,323,331
7d7m	D	207,208,209,210,211,212,213,214,215,216,217,218,219,220,221,222,223,224,225,226,227,228,229,230,231,232,233,234,235,236,237,238,239,240,241,242,243,244,245,246,247,248,249,265,266,267,268,269,270,271,272,273,274,275,276,277,278,279,280,281,282,283,284,285,286,287,288,289,290,291,292,308,309,310,318,319,320,321,340,341,342,343,344,345,346,347,348,352,353,354,355,356,359,360,361,362,363,371
7dfl	A	189,190,191,192,193,194,195,196,197,198,199,200,201,202,203,204,205,206,207,208,209,210,211,212,213,214,215,216,217,218,219,220,221,222,223,224,225,226,227,228,229,230,231,247,248,249,250,251,252,253,254,255,256,257,258,259,260,261,262,263,264,265,266,267,268,269,270,271,272,273,274,288,289,290,298,299,300,301,308,309,310,311,312,313,314,315,316,317,318,319,320,321,324,325,326,327,328,336
7dh5	A	207,208,209,210,211,212,213,214,215,216,217,218,219,220,221,222,223,224,225,226,227,228,229,230,231,232,233,234,235,236,237,238,239,240,241,242,243,244,245,246,247,248,249,255,256,257,258,259,260,261,262,263,264,265,266,267,268,269,270,271,272,273,274,275,276,277,278,279,280,281,282,298,299,300,308,309,310,311,330,331,332,333,334,335,336,337,338,342,343,344,345,346,349,350,351,352,353,361
7dty	A	207,208,209,210,211,212,213,214,215,216,217,218,219,220,221,222,223,224,225,226,227,228,229,230,231,232,233,234,235,236,237,238,239,240,241,242,243,244,245,246,247,248,249,265,266,267,268,269,270,271,272,273,274,275,276,277,278,279,280,281,282,283,284,285,286,287,288,289,290,291,292,308,309,310,318,319,320,321,340,341,342,343,344,345,346,347,348,352,353,354,355,356,359,360,361,362,363,371
7dw9	A	265,207,208,209,210,211,212,213,214,215,216,217,218,219,220,221,222,223,224,225,226,227,228,229,230,231,232,233,234,235,236,237,238,239,240,241,242,243,244,245,246,247,248,249,266,267,268,269,270,271,272,273,274,275,276,277,278,279,280,281,282,283,284,285,286,287,288,289,290,291,292,308,309,310,318,319,320,321,340,341,342,343,344,345,346,347,348,352,353,354,355,356,359,360,361,362,363,371
7e2y	A	184,185,186,187,188,189,190,191,192,193,194,195,196,197,198,199,200,201,202,203,204,205,206,207,208,209,210,211,212,213,214,215,216,217,218,219,220,221,222,223,224,225,226,242,243,244,245,246,247,248,249,250,251,252,253,254,255,256,257,258,259,260,261,262,263,264,265,266,267,268,269,283,284,285,293,294,295,296,302,303,304,305,306,307,308,309,310,314,315,316,317,318,319,320,321,322,323,331
7e32	A	184,185,186,187,188,189,190,191,192,193,194,195,196,197,198,199,200,201,202,203,204,205,206,207,208,209,210,211,212,213,214,215,216,217,218,219,220,221,222,223,224,225,226,242,243,244,245,246,247,248,249,250,251,252,253,254,255,256,257,258,259,260,261,262,263,264,265,266,267,268,269,283,284,285,293,294,295,296,302,303,304,305,306,307,308,309,310,314,315,316,317,318,319,320,321,322,323,331
7e33	A	184,185,186,187,188,189,190,191,192,193,194,195,196,197,198,199,200,201,202,203,204,205,206,207,208,209,210,211,212,213,214,215,216,217,218,219,220,221,222,223,224,225,226,242,243,244,245,246,247,248,249,250,251,252,253,254,255,256,257,258,259,260,261,262,263,264,265,266,267,268,269,283,284,285,293,294,295,296,302,303,304,305,306,307,308,309,310,314,315,316,317,318,319,320,321,322,323,331
7e9h	A	184,185,186,187,188,189,190,191,192,193,194,195,196,197,198,199,200,201,202,203,204,205,206,207,208,209,210,211,212,213,214,215,216,217,218,219,220,221,222,223,224,225,226,242,243,244,245,246,247,248,249,250,251,252,253,254,255,256,257,258,259,260,261,262,263,264,265,266,267,268,269,283,284,285,293,294,295,296,302,303,304,305,306,307,308,309,310,314,315,316,317,318,319,320,321,322,323,331
7eb2	A	184,185,186,187,188,189,190,191,192,193,194,195,196,197,198,199,200,201,202,203,204,205,206,207,208,209,210,211,212,213,214,215,216,217,218,219,220,221,222,223,224,225,226,242,243,244,245,246,247,248,249,250,251,252,253,254,255,256,257,258,259,260,261,262,263,264,265,266,267,268,269,283,284,285,293,294,295,296,302,303,304,305,306,307,308,309,310,314,315,316,317,318,319,320,321,322,323,331
7ej8	A	185,186,187,188,189,190,191,192,193,194,195,196,197,198,199,200,201,202,203,204,205,206,207,208,209,210,211,212,213,214,215,216,217,218,219,220,221,222,223,224,225,226,227,243,244,245,246,247,248,249,250,251,252,253,254,255,256,257,258,259,260,261,262,263,264,265,266,267,268,269,270,284,285,286,294,295,296,297,303,304,305,306,307,308,309,310,311,314,315,316,317,318,319,320,321,322,323,331
7ejx	A	184,185,186,187,188,189,190,191,192,193,194,195,196,197,198,199,200,201,202,203,204,205,206,207,208,209,210,211,212,213,214,215,216,217,218,219,220,221,222,223,224,225,226,242,243,244,245,246,247,248,249,250,251,252,253,254,255,256,257,258,259,260,261,262,263,264,265,266,267,268,269,283,284,285,293,294,295,296,302,303,304,305,306,307,308,309,310,314,315,316,317,318,319,320,321,322,323,331
7euo	A	184,185,186,187,188,189,190,191,192,193,194,195,196,197,198,199,200,201,202,203,204,205,206,207,208,209,210,211,212,213,214,215,216,217,218,219,220,221,222,223,224,225,226,242,243,244,245,246,247,248,249,250,251,252,253,254,255,256,257,258,259,260,261,262,263,264,265,266,267,268,269,283,284,285,293,294,295,296,302,303,304,305,306,307,308,309,310,314,315,316,317,318,319,320,321,322,323,331
7evw	A	207,208,209,210,211,212,213,214,215,216,217,218,219,220,221,222,223,224,225,226,227,228,229,230,231,232,233,234,235,236,237,238,239,240,241,242,243,244,245,246,247,248,249,265,266,267,268,269,270,271,272,273,274,275,276,277,278,279,280,281,282,283,284,285,286,287,288,289,290,291,292,308,309,310,318,319,320,321,340,341,342,343,344,345,346,347,348,352,353,354,355,356,359,360,361,362,363,371
7ew1	D	184,185,186,187,188,189,190,191,192,193,194,195,196,197,198,199,200,201,202,203,204,205,206,207,208,209,210,211,212,213,214,215,216,217,218,219,220,221,222,223,224,225,226,242,243,244,245,246,247,248,249,250,251,252,253,254,255,256,257,258,259,260,261,262,263,264,265,266,267,268,269,283,284,285,293,294,295,296,302,303,304,305,306,307,308,309,310,314,315,316,317,318,319,320,321,322,323,331
7ew3	A	184,185,186,187,188,189,190,191,192,193,194,195,196,197,198,199,200,201,202,203,204,205,206,207,208,209,210,211,212,213,214,215,216,217,218,219,220,221,222,223,224,225,226,242,243,244,245,246,247,248,249,250,251,252,253,254,255,256,257,258,259,260,261,262,263,264,265,266,267,268,269,283,284,285,293,294,295,296,302,303,304,305,306,307,308,309,310,314,315,316,317,318,319,320,321,322,323,331
7exd	A	184,185,186,187,188,189,190,191,192,193,194,195,196,197,198,199,200,201,202,203,204,205,206,207,208,209,210,211,212,213,214,215,216,217,218,219,220,221,222,223,224,225,226,242,243,244,245,246,247,248,249,250,251,252,253,254,255,256,257,258,259,260,261,262,263,264,265,266,267,268,269,283,284,285,293,294,295,296,302,303,304,305,306,307,308,309,310,314,315,316,317,318,319,320,321,322,323,331
7ezh	A	184,185,186,187,188,189,190,191,192,193,194,195,196,197,198,199,200,201,202,203,204,205,206,207,208,209,210,211,212,213,214,215,216,217,218,219,220,221,222,223,224,225,226,242,243,244,245,246,247,248,249,250,251,252,253,254,255,256,257,258,259,260,261,262,263,264,265,266,267,268,269,283,284,285,293,294,295,296,302,303,304,305,306,307,308,309,310,314,315,316,317,318,319,320,321,322,323,331
7ezm	A	189,190,191,192,193,194,195,196,197,198,199,200,201,202,203,204,205,206,207,208,209,210,211,212,213,214,215,216,217,218,219,220,221,222,223,224,225,226,227,228,229,230,231,247,248,249,250,251,252,253,254,255,256,257,258,259,260,261,262,263,264,265,266,267,268,269,270,271,272,273,274,288,289,290,298,299,300,301,308,309,310,311,312,313,314,315,316,317,318,319,320,321,324,325,326,327,328,336
7f16	A	207,208,209,210,211,212,213,214,215,216,217,218,219,220,221,222,223,224,225,226,227,228,229,230,231,232,233,234,235,236,237,238,239,240,241,242,243,244,245,246,247,248,249,265,266,267,268,269,270,271,272,273,274,275,276,277,278,279,280,281,282,283,284,285,286,287,288,289,290,291,292,308,309,310,318,319,320,321,340,341,342,343,344,345,346,347,348,352,353,354,355,356,359,360,361,362,363,371
7f1s	A	184,185,186,187,188,189,190,191,192,193,194,195,196,197,198,199,200,201,202,203,204,205,206,207,208,209,210,211,212,213,214,215,216,217,218,219,220,221,222,223,224,225,226,242,243,244,245,246,247,248,249,250,251,252,253,254,255,256,257,258,259,260,261,262,263,264,265,266,267,268,269,283,284,285,293,294,295,296,302,303,304,305,306,307,308,309,310,314,315,316,317,318,319,320,321,322,323,331
7f4h	A	265,207,208,209,210,211,212,213,214,215,216,217,218,219,220,221,222,223,224,225,226,227,228,229,230,231,232,233,234,235,236,237,238,239,240,241,242,243,244,245,246,247,248,249,266,267,268,269,270,271,272,273,274,275,276,277,278,279,280,281,282,283,284,285,286,287,288,289,290,291,292,308,309,310,318,319,320,321,340,341,342,343,344,345,346,347,348,352,353,354,355,356,359,360,361,362,363,371
7f8v	A	185,186,187,188,189,190,191,192,193,194,195,196,197,198,199,200,201,202,203,204,205,206,207,208,209,210,211,212,213,214,215,216,217,218,219,220,221,222,223,224,225,226,227,243,244,245,246,247,248,249,250,251,252,253,254,255,256,257,258,259,260,261,262,263,264,265,266,267,268,269,270,284,285,286,294,295,296,297,303,304,305,306,307,308,309,310,311,315,316,317,318,319,320,321,322,323,324,332
7f8w	A	183,184,185,186,187,188,189,190,191,192,193,194,195,196,197,198,199,200,201,202,203,204,205,206,207,208,209,210,211,212,213,214,215,216,217,218,219,220,221,222,223,224,225,241,242,243,244,245,246,247,248,249,250,251,252,253,254,255,256,257,258,259,260,261,262,263,264,265,266,267,268,282,283,284,292,293,294,295,302,303,304,305,306,307,308,309,310,311,312,313,314,315,318,319,320,321,322,330
7jjo	A	193,194,195,196,197,198,199,200,201,202,203,204,205,206,207,208,209,210,211,212,213,214,215,216,217,218,219,220,221,222,223,224,225,226,227,228,229,230,231,232,233,234,235,251,252,253,254,255,256,257,258,259,260,261,262,263,264,265,266,267,268,269,270,271,272,273,274,275,276,277,278,294,295,296,304,305,306,307,326,327,328,329,330,331,332,333,334,338,339,340,341,342,345,346,347,348,349,357
7jvp	A	207,208,209,210,211,212,213,214,215,216,217,218,219,220,221,222,223,224,225,226,227,228,229,230,231,232,233,234,235,236,237,238,239,240,241,242,243,244,245,246,247,248,249,265,266,267,268,269,270,271,272,273,274,275,276,277,278,279,280,281,282,283,284,285,286,287,288,289,290,291,292,308,309,310,318,319,320,321,340,341,342,343,344,345,346,347,348,352,353,354,355,356,359,360,361,362,363,371
7jvr	A	184,185,186,187,188,189,190,191,192,193,194,195,196,197,198,199,200,201,202,203,204,205,206,207,208,209,210,211,212,213,214,215,216,217,218,219,220,221,222,223,224,225,226,242,243,244,245,246,247,248,249,250,251,252,253,254,255,256,257,258,259,260,261,262,263,264,265,266,267,268,269,283,284,285,293,294,295,296,302,303,304,305,306,307,308,309,310,314,315,316,317,318,319,320,321,322,323,331
7ld3	A	185,186,187,188,189,190,191,192,193,194,195,196,197,198,199,200,201,202,203,204,205,206,207,208,209,210,211,212,213,214,215,216,217,218,219,220,221,222,223,224,225,226,227,243,244,245,246,247,248,249,250,251,252,253,254,255,256,257,258,259,260,261,262,263,264,265,266,267,268,269,270,284,285,286,294,295,296,297,303,304,305,306,307,308,309,310,311,315,316,317,318,319,320,321,322,323,324,332
7mbx	A	207,208,209,210,211,212,213,214,215,216,217,218,219,220,221,222,223,224,225,226,227,228,229,230,231,232,233,234,235,236,237,238,239,240,241,242,243,244,245,246,247,248,249,265,266,267,268,269,270,271,272,273,274,275,276,277,278,279,280,281,282,283,284,285,286,287,288,289,290,291,292,308,309,310,318,319,320,321,340,341,342,343,344,345,346,347,348,352,353,354,355,356,359,360,361,362,363,371
7mts	C	184,185,186,187,188,189,190,191,192,193,194,195,196,197,198,199,200,201,202,203,204,205,206,207,208,209,210,211,212,213,214,215,216,217,218,219,220,221,222,223,224,225,226,242,243,244,245,246,247,248,249,250,251,252,253,254,255,256,257,258,259,260,261,262,263,264,265,266,267,268,269,283,284,285,293,294,295,296,302,303,304,305,306,307,308,309,310,314,315,316,317,318,319,320,321,322,323,331
7na7	A	184,185,186,187,188,189,190,191,192,193,194,195,196,197,198,199,200,201,202,203,204,205,206,207,208,209,210,211,212,213,214,215,216,217,218,219,220,221,222,223,224,225,226,242,243,244,245,246,247,248,249,250,251,252,253,254,255,256,257,258,259,260,261,262,263,264,265,266,267,268,269,283,284,285,293,294,295,296,302,303,304,305,306,307,308,309,310,314,315,316,317,318,319,320,321,322,323,331
7p02	A	200,201,202,203,204,205,206,207,208,209,210,211,212,213,214,215,216,217,218,219,220,221,222,223,224,225,226,227,228,229,230,231,232,233,234,235,236,237,238,239,240,241,242,249,250,251,252,253,254,255,256,257,258,259,260,261,262,263,264,265,266,267,268,269,270,271,272,273,274,275,291,292,293,301,302,303,304,323,324,325,326,327,328,329,330,331,335,336,337,338,339,342,343,344,345,346,354,248
7piu	A	193,194,195,196,197,198,199,200,201,202,203,204,205,206,207,208,209,210,211,212,213,214,215,216,217,218,219,220,221,222,223,224,225,226,227,228,229,230,231,232,233,234,235,251,252,253,254,255,256,257,258,259,260,261,262,263,264,265,266,267,268,269,270,271,272,273,274,275,276,277,278,294,295,296,304,305,306,307,326,327,328,329,330,331,332,333,334,338,339,340,341,342,345,346,347,348,349,357
7s8m	B	184,185,186,187,188,189,190,191,192,193,194,195,196,197,198,199,200,201,202,203,204,205,206,207,208,209,210,211,212,213,214,215,216,217,218,219,220,221,222,223,224,225,226,242,243,244,245,246,247,248,249,250,251,252,253,254,255,256,257,258,259,260,261,262,263,264,265,266,267,268,269,283,284,285,293,294,295,296,302,303,304,305,306,307,308,309,310,314,315,316,317,318,319,320,321,322,323,331
7sbf	A	184,185,186,187,188,189,190,191,192,193,194,195,196,197,198,199,200,201,202,203,204,205,206,207,208,209,210,211,212,213,214,215,216,217,218,219,220,221,222,223,224,225,226,242,243,244,245,246,247,248,249,250,251,252,253,254,255,256,257,258,259,260,261,262,263,264,265,266,267,268,269,283,284,285,293,294,295,296,302,303,304,305,306,307,308,309,310,314,315,316,317,318,319,320,321,322,323,331
7sqo	A	184,185,186,187,188,189,190,191,192,193,194,195,196,197,198,199,200,201,202,203,204,205,206,207,208,209,210,211,212,213,214,215,216,217,218,219,220,221,222,223,224,225,226,242,243,244,245,246,247,248,249,250,251,252,253,254,255,256,257,258,259,260,261,262,263,264,265,266,267,268,269,283,284,285,293,294,295,296,302,303,304,305,306,307,308,309,310,314,315,316,317,318,319,320,321,322,323,331
7t10	A	184,185,186,187,188,189,190,191,192,193,194,195,196,197,198,199,200,201,202,203,204,205,206,207,208,209,210,211,212,213,214,215,216,217,218,219,220,221,222,223,224,225,226,242,243,244,245,246,247,248,249,250,251,252,253,254,255,256,257,258,259,260,261,262,263,264,265,266,267,268,269,283,284,285,293,294,295,296,302,303,304,305,306,307,308,309,310,314,315,316,317,318,319,320,321,322,323,331
7t6u	A	184,185,186,187,188,189,190,191,192,193,194,195,196,197,198,199,200,201,202,203,204,205,206,207,208,209,210,211,212,213,214,215,216,217,218,219,220,221,222,223,224,225,226,242,243,244,245,246,247,248,249,250,251,252,253,254,255,256,257,258,259,260,261,262,263,264,265,266,267,268,269,283,284,285,293,294,295,296,302,303,304,305,306,307,308,309,310,314,315,316,317,318,319,320,321,322,323,331
7td0	A	184,185,186,187,188,189,190,191,192,193,194,195,196,197,198,199,200,201,202,203,204,205,206,207,208,209,210,211,212,213,214,215,216,217,218,219,220,221,222,223,224,225,226,242,243,244,245,246,247,248,249,250,251,252,253,254,255,256,257,258,259,260,261,262,263,264,265,266,267,268,269,283,284,285,293,294,295,296,302,303,304,305,306,307,308,309,310,314,315,316,317,318,319,320,321,322,323,331
7td4	A	184,185,186,187,188,189,190,191,192,193,194,195,196,197,198,199,200,201,202,203,204,205,206,207,208,209,210,211,212,213,214,215,216,217,218,219,220,221,222,223,224,225,226,242,243,244,245,246,247,248,249,250,251,252,253,254,255,256,257,258,259,260,261,262,263,264,265,266,267,268,269,283,284,285,293,294,295,296,302,303,304,305,306,307,308,309,310,314,315,316,317,318,319,320,321,322,323,331
7tuz	A	184,185,186,187,188,189,190,191,192,193,194,195,196,197,198,199,200,201,202,203,204,205,206,207,208,209,210,211,212,213,214,215,216,217,218,219,220,221,222,223,224,225,226,242,243,244,245,246,247,248,249,250,251,252,253,254,255,256,257,258,259,260,261,262,263,264,265,266,267,268,269,283,284,285,293,294,295,296,302,303,304,305,306,307,308,309,310,314,315,316,317,318,319,320,321,322,323,331
7tyf	A	207,208,209,210,211,212,213,214,215,216,217,218,219,220,221,222,223,224,225,226,227,228,229,230,231,232,233,234,235,236,237,238,239,240,241,242,243,244,245,246,247,248,249,265,266,267,268,269,270,271,272,273,274,275,276,277,278,279,280,281,282,283,284,285,286,287,288,289,290,291,292,308,309,310,318,319,320,321,340,341,342,343,344,345,346,347,348,352,353,354,355,356,359,360,361,362,363,371
7v69	A	184,185,186,187,188,189,190,191,192,193,194,195,196,197,198,199,200,201,202,203,204,205,206,207,208,209,210,211,212,213,214,215,216,217,218,219,220,221,222,223,224,225,226,242,243,244,245,246,247,248,249,250,251,252,253,254,255,256,257,258,259,260,261,262,263,264,265,266,267,268,269,283,284,285,293,294,295,296,302,303,304,305,306,307,308,309,310,314,315,316,317,318,319,320,321,322,323,331
7vgx	A	184,185,186,187,188,189,190,191,192,193,194,195,196,197,198,199,200,201,202,203,204,205,206,207,208,209,210,211,212,213,214,215,216,217,218,219,220,221,222,223,224,225,226,242,243,244,245,246,247,248,249,250,251,252,253,254,255,256,257,258,259,260,261,262,263,264,265,266,267,268,269,283,284,285,293,294,295,296,302,303,304,305,306,307,308,309,310,314,315,316,317,318,319,320,321,322,323,331
7vgy	B	184,185,186,187,188,189,190,191,192,193,194,195,196,197,198,199,200,201,202,203,204,205,206,207,208,209,210,211,212,213,214,215,216,217,218,219,220,221,222,223,224,225,226,242,243,244,245,246,247,248,249,250,251,252,253,254,255,256,257,258,259,260,261,262,263,264,265,266,267,268,269,283,284,285,293,294,295,296,302,303,304,305,306,307,308,309,310,314,315,316,317,318,319,320,321,322,323,331
7vh0	B	184,185,186,187,188,189,190,191,192,193,194,195,196,197,198,199,200,201,202,203,204,205,206,207,208,209,210,211,212,213,214,215,216,217,218,219,220,221,222,223,224,225,226,242,243,244,245,246,247,248,249,250,251,252,253,254,255,256,257,258,259,260,261,262,263,264,265,266,267,268,269,283,284,285,293,294,295,296,302,303,304,305,306,307,308,309,310,314,315,316,317,318,319,320,321,322,323,331
7vkt	B	184,185,186,187,188,189,190,191,192,193,194,195,196,197,198,199,200,201,202,203,204,205,206,207,208,209,210,211,212,213,214,215,216,217,218,219,220,221,222,223,224,225,226,242,243,244,245,246,247,248,249,250,251,252,253,254,255,256,257,258,259,260,261,262,263,264,265,266,267,268,269,283,284,285,293,294,295,296,302,303,304,305,306,307,308,309,310,314,315,316,317,318,319,320,321,322,323,331
7vl9	A	184,185,186,187,188,189,190,191,192,193,194,195,196,197,198,199,200,201,202,203,204,205,206,207,208,209,210,211,212,213,214,215,216,217,218,219,220,221,222,223,224,225,226,242,243,244,245,246,247,248,249,250,251,252,253,254,255,256,257,258,259,260,261,262,263,264,265,266,267,268,269,283,284,285,293,294,295,296,302,303,304,305,306,307,308,309,310,314,315,316,317,318,319,320,321,322,323,331
7vqx	A	207,208,209,210,211,212,213,214,215,216,217,218,219,220,221,222,223,224,225,226,227,228,229,230,231,232,233,234,235,236,237,238,239,240,241,242,243,244,245,246,247,248,249,265,266,267,268,269,270,271,272,273,274,275,276,277,278,279,280,281,282,283,284,285,286,287,288,289,290,291,292,308,309,310,318,319,320,321,340,341,342,343,344,345,346,347,348,352,353,354,355,356,359,360,361,362,363,371
7vug	A	184,185,186,187,188,189,190,191,192,193,194,195,196,197,198,199,200,201,202,203,204,205,206,207,208,209,210,211,212,213,214,215,216,217,218,219,220,221,222,223,224,225,226,242,243,244,245,246,247,248,249,250,251,252,253,254,255,256,257,258,259,260,261,262,263,264,265,266,267,268,269,283,284,285,293,294,295,296,302,303,304,305,306,307,308,309,310,314,315,316,317,318,319,320,321,322,323,331
7vuh	A	207,208,209,210,211,212,213,214,215,216,217,218,219,220,221,222,223,224,225,226,227,228,229,230,231,232,233,234,235,236,237,238,239,240,241,242,243,244,245,246,247,248,249,255,256,257,258,259,260,261,262,263,264,265,266,267,268,269,270,271,272,273,274,275,276,277,278,279,280,281,282,298,299,300,308,309,310,311,330,331,332,333,334,335,336,337,338,342,343,344,345,346,349,350,351,352,353,361
7w2z	A	185,186,187,188,189,190,191,192,193,194,195,196,197,198,199,200,201,202,203,204,205,206,207,208,209,210,211,212,213,214,215,216,217,218,219,220,221,222,223,224,225,226,227,243,244,245,246,247,248,249,250,251,252,253,254,255,256,257,258,259,260,261,262,263,264,265,266,267,268,269,270,284,285,286,294,295,296,297,303,304,305,306,307,308,309,310,311,314,315,316,317,318,319,320,321,322,323,331
7wq3	A	184,185,186,187,188,189,190,191,192,193,194,195,196,197,198,199,200,201,202,203,204,205,206,207,208,209,210,211,212,213,214,215,216,217,218,219,220,221,222,223,224,225,226,242,243,244,245,246,247,248,249,250,251,252,253,254,255,256,257,258,259,260,261,262,263,264,265,266,267,268,269,283,284,285,293,294,295,296,302,303,304,305,306,307,308,309,310,314,315,316,317,318,319,320,321,322,323,331
7wu5	A	184,185,186,187,188,189,190,191,192,193,194,195,196,197,198,199,200,201,202,203,204,205,206,207,208,209,210,211,212,213,214,215,216,217,218,219,220,221,222,223,224,225,226,242,243,244,245,246,247,248,249,250,251,252,253,254,255,256,257,258,259,260,261,262,263,264,265,266,267,268,269,283,284,285,293,294,295,296,302,303,304,305,306,307,308,309,310,314,315,316,317,318,319,320,321,322,323,331
7wuq	A	207,208,209,210,211,212,213,214,215,216,217,218,219,220,221,222,223,224,225,226,227,228,229,230,231,232,233,234,235,236,237,238,239,240,241,242,243,244,245,246,247,248,249,265,266,267,268,269,270,271,272,273,274,275,276,277,278,279,280,281,282,283,284,285,286,287,288,289,290,291,292,308,309,310,318,319,320,321,340,341,342,343,344,345,346,347,348,352,353,354,355,356,359,360,361,362,363,371
7wvx	A	185,186,187,188,189,190,191,192,193,194,195,196,197,198,199,200,201,202,203,204,205,206,207,208,209,210,211,212,213,214,215,216,217,218,219,220,221,222,223,224,225,226,227,243,244,245,246,247,248,249,250,251,252,253,254,255,256,257,258,259,260,261,262,263,264,265,266,267,268,269,270,284,285,286,294,295,296,297,303,304,305,306,307,308,309,310,311,315,316,317,318,319,320,321,322,323,324,332
7x9b	A	184,185,186,187,188,189,190,191,192,193,194,195,196,197,198,199,200,201,202,203,204,205,206,207,208,209,210,211,212,213,214,215,216,217,218,219,220,221,222,223,224,225,226,242,243,244,245,246,247,248,249,250,251,252,253,254,255,256,257,258,259,260,261,262,263,264,265,266,267,268,269,283,284,285,293,294,295,296,302,303,304,305,306,307,308,309,310,314,315,316,317,318,319,320,321,322,323,331
7x9c	A	184,185,186,187,188,189,190,191,192,193,194,195,196,197,198,199,200,201,202,203,204,205,206,207,208,209,210,211,212,213,214,215,216,217,218,219,220,221,222,223,224,225,226,242,243,244,245,246,247,248,249,250,251,252,253,254,255,256,257,258,259,260,261,262,263,264,265,266,267,268,269,283,284,285,293,294,295,296,302,303,304,305,306,307,308,309,310,314,315,316,317,318,319,320,321,322,323,331
